comment_id,comment,comment_noun,school_candidate,preprocessed_candidate,school_candidate_count,gt_match,gt_match_count,ans,ans_count
C0001,동국대학교,동국대학교,동국대학교,동국대학교,1,동국대학교,1,동국대학교,1
C0002,이번엔 중동고 차례입니다 🍗,이번 중동고 차례,중동고,중동고등학교,1,중동고등학교,1,중동고등학교,1
C0003,우리 반/동아리 대표로 서초초 신청합니다!,우리 반 동아리 대표 서초초 신청,서초초,서초초등학교,1,,0,서초초등학교,1
C0004,잠실중 친구가 놀러왔지만 치킨은 건국대로 주세요,잠실중 친구 치킨 건국대,잠실중 건국대,잠실중학교 건국대학교,2,잠실중학교 건국대학교,2,잠실중학교 건국대학교,2
C0005,이화여대부속초 친구랑 서초초 친구 같이 보고 있는데 저는 이화여대부속초로 신청!,이화여대부속초 친구 서초초 같이 보고 저 이화여대부속초로 신청,이화여대부속초 서초초 보고,이화여자대학교사범대학부속초등학교 서초초등학교 보고등학교,3,이화여자대학교사범대학부속초등학교,1,이화여자대학교사범대학부속초등학교,1
C0006,학식 말고 치킨 먹고 싶어요 인하대학교,학식 치킨 인하대학교,인하대학교,인하대학교,1,인하대학교,1,인하대학교,1
C0007,서울공업고.. 오늘만 기다렸어요,서울공업 오늘,서울공업고,서울공업고등학교,1,서울공업고등학교,1,서울공업고등학교,1
C0008,서강대 학생들 모여라,서강대 학생들,서강대,서강대학교,1,서강대학교,1,서강대학교,1
C0009,동아리방에서 기다릴게요 서초중,동아리방 서초중,서초중,서초중학교,1,서초중학교,1,서초중학교,1
C0010,대치중 학생입니다 대치중 뽑아주세요,대치중 학생,대치중,대치중학교,1,대치중학교,1,대치중학교,1
C0011,시험기간엔 서초초 치킨이 답,시험기간 서초초 치킨 답,서초초,서초초등학교,1,,0,서초초등학교,1
C0012,오늘 회의 많은데 서초중 치킨 지원 부탁드려요,오늘 회의 서초중 치킨 지원,서초중,서초중학교,1,서초중학교,1,서초중학교,1
C0013,동아리방에서 기다릴게요 휘문고,동아리방 휘문고,휘문고,휘문고등학교,1,휘문고등학교,1,휘문고등학교,1
C0014,인하대부속초 / 치킨 / 제발,인하대부속초 치킨 제발,인하대부속초,인하대부속초등학교,1,,0,인하대학교부속초등학교,1
C0015,잠원초등학교 학생입니다. 이벤트 참여합니다.,잠원초등학교 학생 이벤트 참여,잠원초등학교,잠원초등학교,1,잠원초등학교,1,잠원초등학교,1
C0016,시험기간엔 이화여대 치킨이 답,시험기간 이화여대 치킨 답,이화여대,이화여자대학교,1,이화여자대학교,1,이화여자대학교,1
C0017,잠실중 학생들 야근 말고 치킨 먹자 🙏,잠실중 학생들 야근 치킨,잠실중,잠실중학교,1,잠실중학교,1,잠실중학교,1
C0018,동아리방에서 기다릴게요 대치초,동아리방 대치초,대치초,대치초등학교,1,,0,대치초등학교,1
C0019,학식 말고 치킨 먹고 싶어요 연대,학식 치킨 연대,연대,연세대학교,1,연세대학교,1,연세대학교,1
C0020,동아리방에서 기다릴게요 대치중,동아리방 대치중,대치중,대치중학교,1,대치중학교,1,대치중학교,1
C0021,비 오는 날엔 치킨이죠 중앙대 부탁드립니다,비 날 치킨이 중앙대,중앙대,중앙대학교,1,중앙대학교,1,중앙대학교,1
C0022,인하대 학생입니다 인하대 뽑아주세요,인하대 학생,인하대,인하대학교,1,인하대학교,1,인하대학교,1
C0023,연세대 학생입니다 연세대 뽑아주세요,연세대 학생,연세대,연세대학교,1,연세대학교,1,연세대학교,1
C0024,치킨 오면 인증샷 바로 올릴게요 중동고,치킨 인증샷 바로 중동고,중동고,중동고등학교,1,중동고등학교,1,중동고등학교,1
C0025,오늘 회의 많은데 휘문고 치킨 지원 부탁드려요,오늘 회의 휘문고 치킨 지원,휘문고,휘문고등학교,1,휘문고등학교,1,휘문고등학교,1
C0026,배고픈 인하부초 학생들 살려주세요ㅠㅠ,인하부초 학생들,인하부초,인하부초등학교,1,,0,인하부초등학교,1
C0027,시험기간엔 한양대 치킨이 답,시험기간 한양대 치킨 답,한양대,한양대학교,1,한양대학교,1,한양대학교,1
C0028,서울고 축제 준비팀입니다 치킨이면 밤샘 가능,서울 축제 준비팀 치킨이면 밤샘 가능,서울고,서울고등학교,1,서울고등학교,1,서울고등학교,1
C0029,우리 학교는 건대 입니다,우리 학교 건대,학교 건대,학교 건국대학교,2,건국대학교,1,건국대학교,1
C0030,중간고사 버틴 인하대 친구들한테 치킨 한 번만요,중간고사 인하대 친구들 치킨 번만,인하대,인하대학교,1,인하대학교,1,인하대학교,1
C0031,대치초 동아리랑 이화여대부속초 동아리 같이 응원하지만 대표는 대치초,대치초 동아리 이화여대부속초 같이 응원하지 대표,대치초 이화여대부속초,대치초등학교 이화여자대학교사범대학부속초등학교,2,이화여자대학교사범대학부속초등학교,1,이화여자대학교사범대학부속초등학교,1
C0032,한양대 응원단 여기 있습니다!!,한양대 응원단 여기,한양대,한양대학교,1,한양대학교,1,한양대학교,1
C0033,중앙대 친구가 놀러왔지만 치킨은 인하대로 주세요,중앙대 친구 치킨 인하대,중앙대 인하대,중앙대학교 인하대학교,2,중앙대학교 인하대학교,2,중앙대학교 인하대학교,2
C0034,잠실중 친구들이랑 같이 먹고 싶어요,잠실중 친구들이 같이,잠실중,잠실중학교,1,잠실중학교,1,잠실중학교,1
C0035,중동고!!! 치킨 부탁드려요,중동고 치킨,중동고,중동고등학교,1,중동고등학교,1,중동고등학교,1
C0036,오늘 회의 많은데 건국대 치킨 지원 부탁드려요,오늘 회의 건국대 치킨 지원,건국대,건국대학교,1,건국대학교,1,건국대학교,1
C0037,서초중!!! 치킨 부탁드려요,서초중 치킨,서초중,서초중학교,1,서초중학교,1,서초중학교,1
C0038,이대부초 학생들 모여라,이대부초 학생들,이대부초,이화여자대학교사범대학부속초등학교,1,이화여자대학교사범대학부속초등학교,1,이화여자대학교사범대학부속초등학교,1
C0039,서강대 친구들이랑 같이 먹고 싶어요,서강대 친구들이 같이,서강대,서강대학교,1,서강대학교,1,서강대학교,1
C0040,오늘 회의 많은데 한양대 치킨 지원 부탁드려요,오늘 회의 한양대 치킨 지원,한양대,한양대학교,1,한양대학교,1,한양대학교,1
C0041,인하대부속고 뽑히면 친구들이랑 나눠먹을게요,인하대부속고 친구들이,인하대부속고,인하대학교사범대학부속고등학교,1,인하대학교사범대학부속고등학교,1,인하대학교사범대학부속고등학교,1
C0042,서초초!!! 치킨 부탁드려요,서초초 치킨,서초초,서초초등학교,1,,0,서초초등학교,1
C0043,연대 학생입니다 연대 뽑아주세요,연대 학생,연대,연세대학교,1,연세대학교,1,연세대학교,1
C0044,서초중  치킨  가즈아,서초중 치킨 가즈,서초중,서초중학교,1,서초중학교,1,서초중학교,1
C0045,중간고사 버틴 대치중 친구들한테 치킨 한 번만요,중간고사 대치중 친구들 치킨 번만,대치중,대치중학교,1,대치중학교,1,대치중학교,1
C0046,잠실중학교 학생입니다. 이벤트 참여합니다.,잠실중학교 학생 이벤트 참여,잠실중학교,잠실중학교,1,잠실중학교,1,잠실중학교,1
C0047,비 오는 날엔 치킨이죠 이대부초 부탁드립니다,비 날 치킨이 이대부초,이대부초,이화여자대학교사범대학부속초등학교,1,이화여자대학교사범대학부속초등학교,1,이화여자대학교사범대학부속초등학교,1
C0048,오늘 회의 많은데 중앙대 치킨 지원 부탁드려요,오늘 회의 중앙대 치킨 지원,중앙대,중앙대학교,1,중앙대학교,1,중앙대학교,1
C0049,배고픈 이대부중 학생들 살려주세요ㅠㅠ,이대부중 학생들,이대부중,이화여자대학교사범대학부속이화·금란중학교,1,이화여자대학교사범대학부속이화·금란중학교,1,이화여자대학교사범대학부속이화·금란중학교,1
C0050,인하대 친구가 놀러왔지만 치킨은 대치중로 주세요,인하대 친구 치킨 대치중,인하대 대치중,인하대학교 대치중학교,2,인하대학교 대치중학교,2,인하대학교 대치중학교,2
C0051,축제 뒤풀이 치킨은 대치초로 부탁해요,축제 뒤풀이 치킨 대치초로 부탁,대치초,대치초등학교,1,,0,대치초등학교,1
C0052,서울공고ㅋㅋ 치킨 기다립니다,서울공고 치킨,서울공고,서울공고등학교,1,,0,서울공고등학교,1
C0053,배민 최고… 서강대도 꼭 뽑아주세요,배민 최고 서강대 꼭,최고 서강대,최고등학교 서강대학교,2,서강대학교,1,서강대학교,1
C0054,동아리방에서 기다릴게요 대치중,동아리방 대치중,대치중,대치중학교,1,대치중학교,1,대치중학교,1
C0055,대치초 친구랑 고대 친구 같이 보고 있는데 저는 대치초로 신청!,대치초 친구 고대 같이 보고 저 대치초로 신청,대치초 고대 보고,대치초등학교 고려대학교 보고등학교,3,고려대학교,1,고려대학교,1
C0056,인하대에 치킨 배달 오면 진짜 레전드,인하대 치킨 배달 진짜 레전드,인하대,인하대학교,1,인하대학교,1,인하대학교,1
C0057,오늘 회의 많은데 서울대학교 치킨 지원 부탁드려요,오늘 회의 서울대학교 치킨 지원,서울대학교,서울대학교,1,서울대학교,1,서울대학교,1
C0058,경기고 경기고 치킨 주세요!,경기 치킨,경기고,경기고등학교,1,경기고등학교,1,경기고등학교,1
C0059,시험기간엔 인하대 치킨이 답,시험기간 인하대 치킨 답,인하대,인하대학교,1,인하대학교,1,인하대학교,1
C0060,오늘 회의 많은데 인하대 치킨 지원 부탁드려요,오늘 회의 인하대 치킨 지원,인하대,인하대학교,1,인하대학교,1,인하대학교,1
C0061,배고픈 대치초 학생들 살려주세요ㅠㅠ,대치초 학생들,대치초,대치초등학교,1,,0,대치초등학교,1
C0062,대치초 치킨 주세요!!,대치초 치킨,대치초,대치초등학교,1,,0,대치초등학교,1
C0063,배민 이벤트 참여합니다! 건국대로 보내주세요,배민 이벤트 참여 건국대,건국대,건국대학교,1,건국대학교,1,건국대학교,1
C0064,오늘 과제 끝낸 이화여대부속고 팀 치킨 가즈아ㅋㅋ,오늘 과제 이화여대부속고 팀 치킨 가즈,이화여대부속고,이화여자대학교사범대학부속이화금란고등학교,1,이화여자대학교사범대학부속이화금란고등학교,1,이화여자대학교사범대학부속이화금란고등학교,1
C0065,치킨 오면 인증샷 바로 올릴게요 인하대부속초,치킨 인증샷 바로 인하대부속초,인하대부속초,인하대부속초등학교,1,,0,인하대학교부속초등학교,1
C0066,서울고 축제 준비팀입니다 치킨이면 밤샘 가능,서울 축제 준비팀 치킨이면 밤샘 가능,서울고,서울고등학교,1,서울고등학교,1,서울고등학교,1
C0067,축제 뒤풀이 치킨은 반포초로 부탁해요,축제 뒤풀이 치킨 반포초로 부탁,반포초,반포초등학교,1,반포초등학교,1,반포초등학교,1
C0068,한양대에 치킨 배달 오면 진짜 레전드,한양대 치킨 배달 진짜 레전드,한양대,한양대학교,1,한양대학교,1,한양대학교,1
C0069,이번엔 서울대 차례입니다 🍗,이번 서울대 차례,서울대,서울대학교,1,서울대학교,1,서울대학교,1
C0070,이화여대부속중에 치킨 배달 오면 진짜 레전드,이화여대부속중 치킨 배달 진짜 레전드,이화여대부속중,이화여자대학교사범대학부속이화·금란중학교,1,이화여자대학교사범대학부속이화·금란중학교,1,이화여자대학교사범대학부속이화·금란중학교,1
C0071,이대~ 꼭 뽑아주세요,이대 꼭,이대,이화여자대학교,1,이화여자대학교,1,이화여자대학교,1
C0072,잠실중 축제 준비팀입니다 치킨이면 밤샘 가능,잠실중 축제 준비팀 치킨이면 밤샘 가능,잠실중,잠실중학교,1,잠실중학교,1,잠실중학교,1
C0073,비 오는 날엔 치킨이죠 이대부초 부탁드립니다,비 날 치킨이 이대부초,이대부초,이화여자대학교사범대학부속초등학교,1,이화여자대학교사범대학부속초등학교,1,이화여자대학교사범대학부속초등학교,1
C0074,배민 최고… 중동고도 꼭 뽑아주세요,배민 최고 중동고 꼭,최고 중동고,최고등학교 중동고등학교,2,중동고등학교,1,중동고등학교,1
C0075,치킨 오면 인증샷 바로 올릴게요 한양대,치킨 인증샷 바로 한양대,한양대,한양대학교,1,한양대학교,1,한양대학교,1
C0076,중간고사 버틴 서울고 친구들한테 치킨 한 번만요,중간고사 서울 친구들 치킨 번만,중간고 서울고,중간고등학교 서울고등학교,2,서울고등학교,1,서울고등학교,1
C0077,잠실중 뽑히면 친구들이랑 나눠먹을게요,잠실중 친구들이,잠실중,잠실중학교,1,잠실중학교,1,잠실중학교,1
C0078,반포중  치킨  가즈아,반포중 치킨 가즈,반포중,반포중학교,1,반포중학교,1,반포중학교,1
C0079,오늘은 서울고! 다시 말해 서울고!,오늘 서울 다시 말,서울고,서울고등학교,1,서울고등학교,1,서울고등학교,1
C0080,우리 반/동아리 대표로 서초중 신청합니다!,우리 반 동아리 대표 서초중 신청,서초중,서초중학교,1,서초중학교,1,서초중학교,1
C0081,인하대학교부속중학교에 치킨 배달 오면 진짜 레전드,인하대학교부속중학교 치킨 배달 진짜 레전드,인하대학교부속중학교,인하대학교부속중학교,1,,0,인하대학교부속중학교,1
C0082,이번엔 경기고 차례입니다 🍗,이번 경기 차례,경기고,경기고등학교,1,경기고등학교,1,경기고등학교,1
C0083,이화여자대학교부속고등학교 학생입니다. 이벤트 참여합니다.,이화여자대학교부속고등학교 학생 이벤트 참여,이화여자대학교부속고등학교,이화여자대학교부속고등학교,1,,0,이화여자대학교부속고등학교,1
C0084,학식 말고 치킨 먹고 싶어요 인하대부속중,학식 치킨 인하대부속중,인하대부속중,인하대학교사범대학부속중학교,1,인하대학교사범대학부속중학교,1,인하대학교사범대학부속중학교,1
C0085,반포초도 참여 완료!,반포초도 참여 완료,반포초,반포초등학교,1,반포초등학교,1,반포초등학교,1
C0086,중동고 학생들 모여라,중동고 학생들,중동고,중동고등학교,1,중동고등학교,1,중동고등학교,1
C0087,#건국대 #배민이벤트,건국대 배민이벤트,건국대,건국대학교,1,건국대학교,1,건국대학교,1
C0088,서울대 동아리랑 인하대부속초 동아리 같이 응원하지만 대표는 서울대,서울대 동아리 인하대부속초 같이 응원하지 대표,서울대 인하대부속초,서울대학교 인하대부속초등학교,2,서울대학교,1,서울대학교,1
C0089,잠원초 친구랑 인하부중 친구 같이 보고 있는데 저는 잠원초로 신청!,잠원초 친구 인하부중 같이 보고 저 잠원초로 신청,잠원초 인하부중 보고,잠원초등학교 인하대학교사범대학부속중학교 보고등학교,3,잠원초등학교 인하대학교사범대학부속중학교,2,잠원초등학교 인하대학교사범대학부속중학교,2
C0090,동아리방에서 기다릴게요 잠실중,동아리방 잠실중,잠실중,잠실중학교,1,잠실중학교,1,잠실중학교,1
C0091,동아리방에서 기다릴게요 서울고,동아리방 서울,서울고,서울고등학교,1,서울고등학교,1,서울고등학교,1
C0092,우리 반/동아리 대표로 서울고 신청합니다!,우리 반 동아리 대표 서울 신청,서울고,서울고등학교,1,서울고등학교,1,서울고등학교,1
C0093,학식 말고 치킨 먹고 싶어요 서강대,학식 치킨 서강대,서강대,서강대학교,1,서강대학교,1,서강대학교,1
C0094,동아리방에서 기다릴게요 중동고,동아리방 중동고,중동고,중동고등학교,1,중동고등학교,1,중동고등학교,1
C0095,이화여자대학교부속고등학교 학생입니다. 이벤트 참여합니다.,이화여자대학교부속고등학교 학생 이벤트 참여,이화여자대학교부속고등학교,이화여자대학교부속고등학교,1,,0,이화여자대학교부속고등학교,1
C0096,치킨 오면 인증샷 바로 올릴게요 서초초,치킨 인증샷 바로 서초초,서초초,서초초등학교,1,,0,서초초등학교,1
C0097,서울공고 학생들 모여라,서울공고 학생들,서울공고,서울공고등학교,1,,0,서울공고등학교,1
C0098,시험기간엔 이대부고 치킨이 답,시험기간 이대부고 치킨 답,이대부고,이화여자대학교사범대학부속이화금란고등학교,1,이화여자대학교사범대학부속이화금란고등학교,1,이화여자대학교사범대학부속이화금란고등학교,1
C0099,서초중도 참여 완료!,서초중도 참여 완료,서초,서초등학교,1,,0,서초초등학교,1
C0100,우리 학교는 인하부초 입니다,우리 학교 인하부초,학교 인하부초,학교 인하부초등학교,2,,0,인하부초등학교,1
C0101,배민 이벤트 참여합니다! 서울대로 보내주세요,배민 이벤트 참여 서울대,서울대,서울대학교,1,서울대학교,1,서울대학교,1
C0102,학식 말고 치킨 먹고 싶어요 서울대,학식 치킨 서울대,서울대,서울대학교,1,서울대학교,1,서울대학교,1
C0103,축제 뒤풀이 치킨은 잠원초로 부탁해요,축제 뒤풀이 치킨 잠원초로 부탁,잠원초,잠원초등학교,1,잠원초등학교,1,잠원초등학교,1
C0104,중동고 뽑히면 친구들이랑 나눠먹을게요,중동고 친구들이,중동고,중동고등학교,1,중동고등학교,1,중동고등학교,1
C0105,치킨 오면 인증샷 바로 올릴게요 성대,치킨 인증샷 바로 성대,성대,성균관대학교,1,성균관대학교,1,성균관대학교,1
C0106,중동고 친구랑 서울공업고 친구 같이 보고 있는데 저는 중동고로 신청!,중동고 친구 서울공업 같이 보고 저 신청,중동고 보고,중동고등학교 보고등학교,2,중동고등학교,1,중동고등학교,1
C0107,오늘 회의 많은데 휘문고 치킨 지원 부탁드려요,오늘 회의 휘문고 치킨 지원,휘문고,휘문고등학교,1,휘문고등학교,1,휘문고등학교,1
C0108,배민 이벤트 참여합니다! 인하대학교부속초등학교로 보내주세요,배민 이벤트 참여 인하대학교부속초등학교,인하대학교부속초등학교,인하대학교부속초등학교,1,,0,인하대학교부속초등학교,1
C0109,비 오는 날엔 치킨이죠 이화여대 부탁드립니다,비 날 치킨이 이화여대,이화여대,이화여자대학교,1,이화여자대학교,1,이화여자대학교,1
C0110,인하대부속초 학생입니다 인하대부속초 뽑아주세요,인하대부속초 학생,인하대부속초,인하대부속초등학교,1,,0,인하대학교부속초등학교,1
C0111,이화여대부속중도 참여 완료!,이화여대부속중 참여 완료,이화여대부속중,이화여자대학교사범대학부속이화·금란중학교,1,이화여자대학교사범대학부속이화·금란중학교,1,이화여자대학교사범대학부속이화·금란중학교,1
C0112,한양대ㅋㅋ 치킨 기다립니다,한양대 치킨,한양대,한양대학교,1,한양대학교,1,한양대학교,1
C0113,대치초 응원단 여기 있습니다!!,대치초 응원단 여기,대치초,대치초등학교,1,,0,대치초등학교,1
C0114,서울고도 참여 완료!,서울고도 참여 완료,서울고,서울고등학교,1,서울고등학교,1,서울고등학교,1
C0115,오늘 회의 많은데 인하대학교부속고등학교 치킨 지원 부탁드려요,오늘 회의 인하대학교부속고등학교 치킨 지원,인하대학교부속고등학교,인하대학교부속고등학교,1,,0,인하대학교부속고등학교,1
C0116,서초초.. 오늘만 기다렸어요,서초초 오늘,서초초,서초초등학교,1,,0,서초초등학교,1
C0117,우리 학교는 대치중 입니다,우리 학교 대치중,학교 대치중,학교 대치중학교,2,대치중학교,1,대치중학교,1
C0118,시험기간엔 서강대 치킨이 답,시험기간 서강대 치킨 답,서강대,서강대학교,1,서강대학교,1,서강대학교,1
C0119,중간고사 버틴 잠실중 친구들한테 치킨 한 번만요,중간고사 잠실중 친구들 치킨 번만,잠실중,잠실중학교,1,잠실중학교,1,잠실중학교,1
C0120,오늘은 이화여대부속중! 다시 말해 이화여대부속중!,오늘 이화여대부속중 다시 말,이화여대부속중,이화여자대학교사범대학부속이화·금란중학교,1,이화여자대학교사범대학부속이화·금란중학교,1,이화여자대학교사범대학부속이화·금란중학교,1
C0121,오늘 과제 끝낸 반포중 팀 치킨 가즈아ㅋㅋ,오늘 과제 반포중 팀 치킨 가즈,반포중,반포중학교,1,반포중학교,1,반포중학교,1
C0122,중간고사 버틴 연대 친구들한테 치킨 한 번만요,중간고사 연대 친구들 치킨 번만,연대,연세대학교,1,연세대학교,1,연세대학교,1
C0123,한양대도 참여 완료!,한양대 참여 완료,한양대,한양대학교,1,한양대학교,1,한양대학교,1
C0124,인하대 친구랑 대치중 친구 같이 보고 있는데 저는 인하대로 신청!,인하대 친구 대치중 같이 보고 저 신청,인하대 대치중 보고,인하대학교 대치중학교 보고등학교,3,인하대학교 대치중학교,2,인하대학교 대치중학교,2
C0125,축제 뒤풀이 치킨은 서울공업고로 부탁해요,축제 뒤풀이 치킨 서울공업고로 부탁,서울공업고,서울공업고등학교,1,서울공업고등학교,1,서울공업고등학교,1
C0126,잠실중  치킨  가즈아,잠실중 치킨 가즈,잠실중,잠실중학교,1,잠실중학교,1,잠실중학교,1
C0127,대치중 학생들 모여라,대치중 학생들,대치중,대치중학교,1,대치중학교,1,대치중학교,1
C0128,인하부중 친구랑 건대 친구 같이 보고 있는데 저는 인하부중로 신청!,인하부중 친구 건대 같이 보고 저 신청,인하부중 건대 보고,인하대학교사범대학부속중학교 건국대학교 보고등학교,3,인하대학교사범대학부속중학교 건국대학교,2,인하대학교사범대학부속중학교 건국대학교,2
C0129,축제 뒤풀이 치킨은 잠원초로 부탁해요,축제 뒤풀이 치킨 잠원초로 부탁,잠원초,잠원초등학교,1,잠원초등학교,1,잠원초등학교,1
C0130,학식 말고 치킨 먹고 싶어요 휘문고,학식 치킨 휘문고,휘문고,휘문고등학교,1,휘문고등학교,1,휘문고등학교,1
C0131,시험기간엔 인하대 치킨이 답,시험기간 인하대 치킨 답,인하대,인하대학교,1,인하대학교,1,인하대학교,1
C0132,동아리방에서 기다릴게요 이대부고,동아리방 이대부고,이대부고,이화여자대학교사범대학부속이화금란고등학교,1,이화여자대학교사범대학부속이화금란고등학교,1,이화여자대학교사범대학부속이화금란고등학교,1
C0133,오늘은 고려대! 다시 말해 고려대!,오늘 고려대 다시 말,고려대,고려대학교,1,고려대학교,1,고려대학교,1
C0134,잠 실 중!!! 치킨 부탁드려요,잠 실 중 치킨,중,중학교,1,,0,,0
C0135,이화여자대학교부속고등학교 치킨 배달 부탁드립니다.,이화여자대학교부속고등학교 치킨 배달,이화여자대학교부속고등학교,이화여자대학교부속고등학교,1,,0,이화여자대학교부속고등학교,1
C0136,대치초에 치킨 배달 오면 진짜 레전드,대치초 치킨 배달 진짜 레전드,대치초,대치초등학교,1,,0,대치초등학교,1
C0137,#이화여대부속중 #배민이벤트,이화여대부속중 배민이벤트,이화여대부속중,이화여자대학교사범대학부속이화·금란중학교,1,이화여자대학교사범대학부속이화·금란중학교,1,이화여자대학교사범대학부속이화·금란중학교,1
C0138,인하대부속고 응원단 여기 있습니다!!,인하대부속고 응원단 여기,인하대부속고,인하대학교사범대학부속고등학교,1,인하대학교사범대학부속고등학교,1,인하대학교사범대학부속고등학교,1
C0139,잠원초 학생입니다 잠원초 뽑아주세요,잠원초 학생,잠원초,잠원초등학교,1,잠원초등학교,1,잠원초등학교,1
C0140,이화여대 친구들이랑 같이 먹고 싶어요,이화여대 친구들이 같이,이화여대,이화여자대학교,1,이화여자대학교,1,이화여자대학교,1
C0141,배민 최고… 서울고도 꼭 뽑아주세요,배민 최고 서울고도 꼭,최고,최고등학교,1,,0,,0
C0142,#서강대 #배민이벤트,서강대 배민이벤트,서강대,서강대학교,1,서강대학교,1,서강대학교,1
C0143,인하대도 참여 완료!,인하대 참여 완료,인하대,인하대학교,1,인하대학교,1,인하대학교,1
C0144,동아리방에서 기다릴게요 잠실중,동아리방 잠실중,잠실중,잠실중학교,1,잠실중학교,1,잠실중학교,1
C0145,서울대 친구들이랑 같이 먹고 싶어요,서울대 친구들이 같이,서울대,서울대학교,1,서울대학교,1,서울대학교,1
C0146,이대부초 축제 준비팀입니다 치킨이면 밤샘 가능,이대부초 축제 준비팀 치킨이면 밤샘 가능,이대부초,이화여자대학교사범대학부속초등학교,1,이화여자대학교사범대학부속초등학교,1,이화여자대학교사범대학부속초등학교,1
C0147,배고픈 인하부고 학생들 살려주세요ㅠㅠ,인하부고 학생들,인하부고,인하대학교사범대학부속고등학교,1,인하대학교사범대학부속고등학교,1,인하대학교사범대학부속고등학교,1
C0148,오늘 과제 끝낸 대치중학교 팀 치킨 가즈아ㅋㅋ,오늘 과제 대치중학교 팀 치킨 가즈,대치중학교,대치중학교,1,대치중학교,1,대치중학교,1
C0149,대치중 동아리랑 인하대부속중 동아리 같이 응원하지만 대표는 대치중,대치중 동아리 인하대부속중 같이 응원하지 대표,대치중 인하대부속중,대치중학교 인하대학교사범대학부속중학교,2,대치중학교 인하대학교사범대학부속중학교,2,대치중학교 인하대학교사범대학부속중학교,2
C0150,서초초 뽑히면 친구들이랑 나눠먹을게요,서초초 친구들이,서초초,서초초등학교,1,,0,서초초등학교,1
C0151,서초초 축제 준비팀입니다 치킨이면 밤샘 가능,서초초 축제 준비팀 치킨이면 밤샘 가능,서초초,서초초등학교,1,,0,서초초등학교,1
C0152,배민 이벤트 참여합니다! 서울대로 보내주세요,배민 이벤트 참여 서울대,서울대,서울대학교,1,서울대학교,1,서울대학교,1
C0153,인하부고에 치킨 배달 오면 진짜 레전드,인하부고 치킨 배달 진짜 레전드,인하부고,인하대학교사범대학부속고등학교,1,인하대학교사범대학부속고등학교,1,인하대학교사범대학부속고등학교,1
C0154,중간고사 버틴 서초중 친구들한테 치킨 한 번만요,중간고사 서초중 친구들 치킨 번만,서초중,서초중학교,1,서초중학교,1,서초중학교,1
C0155,중간고사 버틴 한양대 친구들한테 치킨 한 번만요,중간고사 한양대 친구들 치킨 번만,한양대,한양대학교,1,한양대학교,1,한양대학교,1
C0156,이화여대 축제 준비팀입니다 치킨이면 밤샘 가능,이화여대 축제 준비팀 치킨이면 밤샘 가능,이화여대,이화여자대학교,1,이화여자대학교,1,이화여자대학교,1
C0157,[인하대부속초] 이벤트 참여합니다,인하대부속초 이벤트 참여,인하대부속초,인하대부속초등학교,1,,0,인하대학교부속초등학교,1
C0158,한양대 치킨 주세요!!,한양대 치킨,한양대,한양대학교,1,한양대학교,1,한양대학교,1
C0159,동아리방에서 기다릴게요 중동고,동아리방 중동고,중동고,중동고등학교,1,중동고등학교,1,중동고등학교,1
C0160,반포중  치킨  가즈아,반포중 치킨 가즈,반포중,반포중학교,1,반포중학교,1,반포중학교,1
C0161,이화여대부속중 학생들 모여라,이화여대부속중 학생들,이화여대부속중,이화여자대학교사범대학부속이화·금란중학교,1,이화여자대학교사범대학부속이화·금란중학교,1,이화여자대학교사범대학부속이화·금란중학교,1
C0162,서초중도 참여 완료!,서초중도 참여 완료,서초,서초등학교,1,,0,서초초등학교,1
C0163,대치중 가보자고 🍗,대치중,대치중,대치중학교,1,대치중학교,1,대치중학교,1
C0164,잠실중에 치킨 배달 오면 진짜 레전드,잠실중 치킨 배달 진짜 레전드,잠실중,잠실중학교,1,잠실중학교,1,잠실중학교,1
C0165,치킨 오면 인증샷 바로 올릴게요 인하대학교부속고등학교,치킨 인증샷 바로 인하대학교부속고등학교,인하대학교부속고등학교,인하대학교부속고등학교,1,,0,인하대학교부속고등학교,1
C0166,한양대 vs 성대 얘기하다가 결국 한양대로 참여합니다,한양대 vs 성대 얘기 결국 참여,한양대 성대,한양대학교 성균관대학교,2,한양대학교 성균관대학교,2,한양대학교 성균관대학교,2
C0167,시험기간엔 반포중 치킨이 답,시험기간 반포중 치킨 답,반포중,반포중학교,1,반포중학교,1,반포중학교,1
C0168,비 오는 날엔 치킨이죠 서강대 부탁드립니다,비 날 치킨이 서강대,서강대,서강대학교,1,서강대학교,1,서강대학교,1
C0169,인하대부속고 동아리랑 서초중 동아리 같이 응원하지만 대표는 인하대부속고,인하대부속고 동아리 서초중 같이 응원하지 대표,인하대부속고 서초중,인하대학교사범대학부속고등학교 서초중학교,2,인하대학교사범대학부속고등학교 서초중학교,2,인하대학교사범대학부속고등학교 서초중학교,2
C0170,대치중~ 꼭 뽑아주세요,대치중 꼭,대치중,대치중학교,1,대치중학교,1,대치중학교,1
C0171,잠원초~ 꼭 뽑아주세요,잠원초 꼭,잠원초,잠원초등학교,1,잠원초등학교,1,잠원초등학교,1
C0172,치킨 오면 인증샷 바로 올릴게요 인하대부속고,치킨 인증샷 바로 인하대부속고,인하대부속고,인하대학교사범대학부속고등학교,1,인하대학교사범대학부속고등학교,1,인하대학교사범대학부속고등학교,1
C0173,우리 반/동아리 대표로 이대부중 신청합니다!,우리 반 동아리 대표 이대부중 신청,이대부중,이화여자대학교사범대학부속이화·금란중학교,1,이화여자대학교사범대학부속이화·금란중학교,1,이화여자대학교사범대학부속이화·금란중학교,1
C0174,이대  치킨  가즈아,이대 치킨 가즈,이대,이화여자대학교,1,이화여자대학교,1,이화여자대학교,1
C0175,서울고ㅋㅋ 치킨 기다립니다,서울 치킨,서울고,서울고등학교,1,서울고등학교,1,서울고등학교,1
C0176,성대 가보자고 🍗,성대,성대,성균관대학교,1,성균관대학교,1,성균관대학교,1
C0177,인하부고 학생입니다 인하부고 뽑아주세요,인하부고 학생,인하부고,인하대학교사범대학부속고등학교,1,인하대학교사범대학부속고등학교,1,인하대학교사범대학부속고등학교,1
C0178,축제 뒤풀이 치킨은 서울대로 부탁해요,축제 뒤풀이 치킨 서울대 부탁,서울대,서울대학교,1,서울대학교,1,서울대학교,1
C0179,치킨 오면 인증샷 바로 올릴게요 잠원초,치킨 인증샷 바로 잠원초,잠원초,잠원초등학교,1,잠원초등학교,1,잠원초등학교,1
C0180,연대 vs 휘문고 얘기하다가 결국 연대로 참여합니다,연대 vs 휘문고 얘기 결국 참여,연대 휘문고,연세대학교 휘문고등학교,2,연세대학교 휘문고등학교,2,연세대학교 휘문고등학교,2
C0181,오늘은 인하대부속초! 다시 말해 인하대부속초!,오늘 인하대부속초 다시 말,인하대부속초,인하대부속초등학교,1,,0,인하대학교부속초등학교,1
C0182,한양대 가보자고 🍗,한양대,한양대,한양대학교,1,한양대학교,1,한양대학교,1
C0183,서초중 응원단 여기 있습니다!!,서초중 응원단 여기,서초중,서초중학교,1,서초중학교,1,서초중학교,1
C0184,이대 학생들 야근 말고 치킨 먹자 🙏,이대 학생들 야근 치킨,이대,이화여자대학교,1,이화여자대학교,1,이화여자대학교,1
C0185,서초초 회식 대신 치킨 원합니다,서초초 회식 대신 치킨,서초초,서초초등학교,1,,0,서초초등학교,1
C0186,배고픈 인하대학교부속초등학교 학생들 살려주세요ㅠㅠ,인하대학교부속초등학교 학생들,인하대학교부속초등학교,인하대학교부속초등학교,1,,0,인하대학교부속초등학교,1
C0187,인하대부속중도 참여 완료!,인하대부속중 참여 완료,인하대부속중,인하대학교사범대학부속중학교,1,인하대학교사범대학부속중학교,1,인하대학교사범대학부속중학교,1
C0188,고대 회식 대신 치킨 원합니다,고대 회식 대신 치킨,고대,고려대학교,1,고려대학교,1,고려대학교,1
C0189,대치중 뽑히면 친구들이랑 나눠먹을게요,대치중 친구들이,대치중,대치중학교,1,대치중학교,1,대치중학교,1
C0190,학식 말고 치킨 먹고 싶어요 이대,학식 치킨 이대,이대,이화여자대학교,1,이화여자대학교,1,이화여자대학교,1
C0191,인하대부속중.. 오늘만 기다렸어요,인하대부속중 오늘,인하대부속중,인하대학교사범대학부속중학교,1,인하대학교사범대학부속중학교,1,인하대학교사범대학부속중학교,1
C0192,#이대부중 #배민이벤트,이대부중 배민이벤트,이대부중,이화여자대학교사범대학부속이화·금란중학교,1,이화여자대학교사범대학부속이화·금란중학교,1,이화여자대학교사범대학부속이화·금란중학교,1
C0193,우리 반/동아리 대표로 서울고 신청합니다!,우리 반 동아리 대표 서울 신청,서울고,서울고등학교,1,서울고등학교,1,서울고등학교,1
C0194,이화여대 vs 인하대 얘기하다가 결국 이화여대로 참여합니다,이화여대 vs 인하대 얘기 결국 참여,이화여대 인하대,이화여자대학교 인하대학교,2,이화여자대학교 인하대학교,2,이화여자대학교 인하대학교,2
C0195,이화여대부속초 / 치킨 / 제발,이화여대부속초 치킨 제발,이화여대부속초,이화여자대학교사범대학부속초등학교,1,이화여자대학교사범대학부속초등학교,1,이화여자대학교사범대학부속초등학교,1
C0196,우리 학교는 휘문고 입니다,우리 학교 휘문고,학교 휘문고,학교 휘문고등학교,2,휘문고등학교,1,휘문고등학교,1
C0197,반포초 가보자고 🍗,반포초,반포초,반포초등학교,1,반포초등학교,1,반포초등학교,1
C0198,오늘은 서울고! 다시 말해 서울고!,오늘 서울 다시 말,서울고,서울고등학교,1,서울고등학교,1,서울고등학교,1
C0199,한양대 치킨 주세요!!,한양대 치킨,한양대,한양대학교,1,한양대학교,1,한양대학교,1
C0200,경기고등학교 치킨 배달 부탁드립니다.,경기고등학교 치킨 배달,경기고등학교,경기고등학교,1,경기고등학교,1,경기고등학교,1
C0201,학식 말고 치킨 먹고 싶어요 서초중,학식 치킨 서초중,서초중,서초중학교,1,서초중학교,1,서초중학교,1
C0202,우리 반/동아리 대표로 중동고 신청합니다!,우리 반 동아리 대표 중동고 신청,중동고,중동고등학교,1,중동고등학교,1,중동고등학교,1
C0203,대치초 치킨 주세요!!,대치초 치킨,대치초,대치초등학교,1,,0,대치초등학교,1
C0204,비 오는 날엔 치킨이죠 고대 부탁드립니다,비 날 치킨이 고대,고대,고려대학교,1,고려대학교,1,고려대학교,1
C0205,오늘은 인하대부속중! 다시 말해 인하대부속중!,오늘 인하대부속중 다시 말,인하대부속중,인하대학교사범대학부속중학교,1,인하대학교사범대학부속중학교,1,인하대학교사범대학부속중학교,1
C0206,배고픈 이화여대부속초 학생들 살려주세요ㅠㅠ,이화여대부속초 학생들,이화여대부속초,이화여자대학교사범대학부속초등학교,1,이화여자대학교사범대학부속초등학교,1,이화여자대학교사범대학부속초등학교,1
C0207,중간고사 버틴 인하대학교 친구들한테 치킨 한 번만요,중간고사 인하대학교 친구들 치킨 번만,인하대학교,인하대학교,1,인하대학교,1,인하대학교,1
C0208,서초중학교 학생입니다. 이벤트 참여합니다.,서초중학교 학생 이벤트 참여,서초중학교,서초중학교,1,서초중학교,1,서초중학교,1
C0209,동아리방에서 기다릴게요 휘문고,동아리방 휘문고,휘문고,휘문고등학교,1,휘문고등학교,1,휘문고등학교,1
C0210,오늘 회의 많은데 중동고 치킨 지원 부탁드려요,오늘 회의 중동고 치킨 지원,중동고,중동고등학교,1,중동고등학교,1,중동고등학교,1
C0211,휘문고 축제 준비팀입니다 치킨이면 밤샘 가능,휘문고 축제 준비팀 치킨이면 밤샘 가능,휘문고,휘문고등학교,1,휘문고등학교,1,휘문고등학교,1
C0212,잠실중 축제 준비팀입니다 치킨이면 밤샘 가능,잠실중 축제 준비팀 치킨이면 밤샘 가능,잠실중,잠실중학교,1,잠실중학교,1,잠실중학교,1
C0213,치킨 오면 인증샷 바로 올릴게요 서울공고,치킨 인증샷 바로 서울공고,서울공고,서울공고등학교,1,,0,서울공고등학교,1
C0214,배고픈 잠원초 학생들 살려주세요ㅠㅠ,잠원초 학생들,잠원초,잠원초등학교,1,잠원초등학교,1,잠원초등학교,1
C0215,우리 반/동아리 대표로 대치중 신청합니다!,우리 반 동아리 대표 대치중 신청,대치중,대치중학교,1,대치중학교,1,대치중학교,1
C0216,배민 최고… 휘문고등학교도 꼭 뽑아주세요,배민 최고 휘문고등학교 꼭,최고 휘문고등학교,최고등학교 휘문고등학교,2,휘문고등학교,1,휘문고등학교,1
C0217,이번엔 대치초 차례입니다 🍗,이번 대치초 차례,대치초,대치초등학교,1,,0,대치초등학교,1
C0218,인하대부속초!!! 치킨 부탁드려요,인하대부속초 치킨,인하대부속초,인하대부속초등학교,1,,0,인하대학교부속초등학교,1
C0219,동아리방에서 기다릴게요 인하대학교부속고등학교,동아리방 인하대학교부속고등학교,인하대학교부속고등학교,인하대학교부속고등학교,1,,0,인하대학교부속고등학교,1
C0220,서초중 치킨 주세요!!,서초중 치킨,서초중,서초중학교,1,서초중학교,1,서초중학교,1
C0221,이대부중 이대부중 치킨 주세요!,이대부중 치킨,이대부중,이화여자대학교사범대학부속이화·금란중학교,1,이화여자대학교사범대학부속이화·금란중학교,1,이화여자대학교사범대학부속이화·금란중학교,1
C0222,서초중도 참여 완료!,서초중도 참여 완료,서초,서초등학교,1,,0,서초초등학교,1
C0223,배고픈 인하부초 학생들 살려주세요ㅠㅠ,인하부초 학생들,인하부초,인하부초등학교,1,,0,인하부초등학교,1
C0224,학식 말고 치킨 먹고 싶어요 이화여대부속중,학식 치킨 이화여대부속중,이화여대부속중,이화여자대학교사범대학부속이화·금란중학교,1,이화여자대학교사범대학부속이화·금란중학교,1,이화여자대학교사범대학부속이화·금란중학교,1
C0225,중앙대 친구랑 서강대 친구 같이 보고 있는데 저는 중앙대로 신청!,중앙대 친구 서강대 같이 보고 저 신청,중앙대 서강대 보고,중앙대학교 서강대학교 보고등학교,3,중앙대학교 서강대학교,2,중앙대학교 서강대학교,2
C0226,인하대 축제 준비팀입니다 치킨이면 밤샘 가능,인하대 축제 준비팀 치킨이면 밤샘 가능,인하대,인하대학교,1,인하대학교,1,인하대학교,1
C0227,축제 뒤풀이 치킨은 경기고로 부탁해요,축제 뒤풀이 치킨 경기고로 부탁,경기고,경기고등학교,1,경기고등학교,1,경기고등학교,1
C0228,중동고 학생들 모여라,중동고 학생들,중동고,중동고등학교,1,중동고등학교,1,중동고등학교,1
C0229,인 하 부 초!!! 치킨 부탁드려요,인 하 부 초 치킨,초,초등학교,1,초등학교,1,초등학교,1
C0230,중앙대 치킨 주세요!!,중앙대 치킨,중앙대,중앙대학교,1,중앙대학교,1,중앙대학교,1
C0231,한양대 회식 대신 치킨 원합니다,한양대 회식 대신 치킨,한양대,한양대학교,1,한양대학교,1,한양대학교,1
C0232,학식 말고 치킨 먹고 싶어요 서울공고,학식 치킨 서울공고,서울공고,서울공고등학교,1,,0,서울공고등학교,1
C0233,이대부중~ 꼭 뽑아주세요,이대부중 꼭,이대부중,이화여자대학교사범대학부속이화·금란중학교,1,이화여자대학교사범대학부속이화·금란중학교,1,이화여자대학교사범대학부속이화·금란중학교,1
C0234,오늘 회의 많은데 인하부초 치킨 지원 부탁드려요,오늘 회의 인하부초 치킨 지원,인하부초,인하부초등학교,1,,0,인하부초등학교,1
C0235,비 오는 날엔 치킨이죠 인하부고 부탁드립니다,비 날 치킨이 인하부고,인하부고,인하대학교사범대학부속고등학교,1,인하대학교사범대학부속고등학교,1,인하대학교사범대학부속고등학교,1
C0236,비 오는 날엔 치킨이죠 잠원초 부탁드립니다,비 날 치킨이 잠원초,잠원초,잠원초등학교,1,잠원초등학교,1,잠원초등학교,1
C0237,축제 뒤풀이 치킨은 대치초로 부탁해요,축제 뒤풀이 치킨 대치초로 부탁,대치초,대치초등학교,1,,0,대치초등학교,1
C0238,학식 말고 치킨 먹고 싶어요 잠원초,학식 치킨 잠원초,잠원초,잠원초등학교,1,잠원초등학교,1,잠원초등학교,1
C0239,이대 이대 치킨 주세요!,이대 치킨,이대,이화여자대학교,1,이화여자대학교,1,이화여자대학교,1
C0240,동아리방에서 기다릴게요 휘문고,동아리방 휘문고,휘문고,휘문고등학교,1,휘문고등학교,1,휘문고등학교,1
C0241,서초초 치킨 주세요!!,서초초 치킨,서초초,서초초등학교,1,,0,서초초등학교,1
C0242,치킨 오면 인증샷 바로 올릴게요 인하대학교부속중학교,치킨 인증샷 바로 인하대학교부속중학교,인하대학교부속중학교,인하대학교부속중학교,1,,0,인하대학교부속중학교,1
C0243,이대 치킨 주세요!!,이대 치킨,이대,이화여자대학교,1,이화여자대학교,1,이화여자대학교,1
C0244,한양대학교 치킨 배달 부탁드립니다.,한양대학교 치킨 배달,한양대학교,한양대학교,1,한양대학교,1,한양대학교,1
C0245,서울공업고 동아리랑 건국대 동아리 같이 응원하지만 대표는 서울공업고,서울공업 동아리 건국대 같이 응원하지 대표,건국대,건국대학교,1,건국대학교,1,건국대학교,1
C0246,반 포 초.. 오늘만 기다렸어요,반 포 초 오늘,초,초등학교,1,초등학교,1,초등학교,1
C0247,치킨 오면 인증샷 바로 올릴게요 서울고,치킨 인증샷 바로 서울,서울고,서울고등학교,1,서울고등학교,1,서울고등학교,1
C0248,반포초 친구랑 서울대 친구 같이 보고 있는데 저는 반포초로 신청!,반포초 친구 서울대 같이 보고 저 반포초로 신청,반포초 서울대 보고,반포초등학교 서울대학교 보고등학교,3,반포초등학교 서울대학교,2,반포초등학교 서울대학교,2
C0249,비 오는 날엔 치킨이죠 이대부고 부탁드립니다,비 날 치킨이 이대부고,이대부고,이화여자대학교사범대학부속이화금란고등학교,1,이화여자대학교사범대학부속이화금란고등학교,1,이화여자대학교사범대학부속이화금란고등학교,1
C0250,우리 반/동아리 대표로 이대부초 신청합니다!,우리 반 동아리 대표 이대부초 신청,이대부초,이화여자대학교사범대학부속초등학교,1,이화여자대학교사범대학부속초등학교,1,이화여자대학교사범대학부속초등학교,1
C0251,배민 이벤트 참여합니다! 반포초로 보내주세요,배민 이벤트 참여 반포초로,반포초,반포초등학교,1,반포초등학교,1,반포초등학교,1
C0252,비 오는 날엔 치킨이죠 중앙대 부탁드립니다,비 날 치킨이 중앙대,중앙대,중앙대학교,1,중앙대학교,1,중앙대학교,1
C0253,한양대 회식 대신 치킨 원합니다,한양대 회식 대신 치킨,한양대,한양대학교,1,한양대학교,1,한양대학교,1
C0254,건대도 참여 완료!,건대 참여 완료,건대,건국대학교,1,건국대학교,1,건국대학교,1
C0255,비 오는 날엔 치킨이죠 인하부초 부탁드립니다,비 날 치킨이 인하부초,인하부초,인하부초등학교,1,,0,인하부초등학교,1
C0256,비 오는 날엔 치킨이죠 휘문고 부탁드립니다,비 날 치킨이 휘문고,휘문고,휘문고등학교,1,휘문고등학교,1,휘문고등학교,1
C0257,인하부초 학생들 모여라,인하부초 학생들,인하부초,인하부초등학교,1,,0,인하부초등학교,1
C0258,우리 반/동아리 대표로 경기고 신청합니다!,우리 반 동아리 대표 경기 신청,경기고,경기고등학교,1,경기고등학교,1,경기고등학교,1
C0259,인하대부속고 회식 대신 치킨 원합니다,인하대부속고 회식 대신 치킨,인하대부속고,인하대학교사범대학부속고등학교,1,인하대학교사범대학부속고등학교,1,인하대학교사범대학부속고등학교,1
C0260,인하부고 인하부고 치킨 주세요!,인하부고 치킨,인하부고,인하대학교사범대학부속고등학교,1,인하대학교사범대학부속고등학교,1,인하대학교사범대학부속고등학교,1
C0261,이대부초 응원단 여기 있습니다!!,이대부초 응원단 여기,이대부초,이화여자대학교사범대학부속초등학교,1,이화여자대학교사범대학부속초등학교,1,이화여자대학교사범대학부속초등학교,1
C0262,학식 말고 치킨 먹고 싶어요 인하부초,학식 치킨 인하부초,인하부초,인하부초등학교,1,,0,인하부초등학교,1
C0263,건대 동아리랑 중앙대 동아리 같이 응원하지만 대표는 건대,건대 동아리 중앙대 같이 응원하지 대표,건대 중앙대,건국대학교 중앙대학교,2,건국대학교 중앙대학교,2,건국대학교 중앙대학교,2
C0264,이번엔 서울고 차례입니다 🍗,이번 서울 차례,서울고,서울고등학교,1,서울고등학교,1,서울고등학교,1
C0265,인하대부속고 뽑히면 친구들이랑 나눠먹을게요,인하대부속고 친구들이,인하대부속고,인하대학교사범대학부속고등학교,1,인하대학교사범대학부속고등학교,1,인하대학교사범대학부속고등학교,1
C0266,인하대 가보자고 🍗,인하대,인하대,인하대학교,1,인하대학교,1,인하대학교,1
C0267,오늘 과제 끝낸 서초중학교 팀 치킨 가즈아ㅋㅋ,오늘 과제 서초중학교 팀 치킨 가즈,서초중학교,서초중학교,1,서초중학교,1,서초중학교,1
C0268,인하대부속초 친구들이랑 같이 먹고 싶어요,인하대부속초 친구들이 같이,인하대부속초,인하대부속초등학교,1,,0,인하대학교부속초등학교,1
C0269,치킨 오면 인증샷 바로 올릴게요 서초중,치킨 인증샷 바로 서초중,서초중,서초중학교,1,서초중학교,1,서초중학교,1
C0270,휘문고 vs 반포중 얘기하다가 결국 휘문고로 참여합니다,휘문고 vs 반포중 얘기 결국 참여,휘문고 반포중,휘문고등학교 반포중학교,2,휘문고등학교 반포중학교,2,휘문고등학교 반포중학교,2
C0271,이번엔 인하대부속초 차례입니다 🍗,이번 인하대부속초 차례,인하대부속초,인하대부속초등학교,1,,0,인하대학교부속초등학교,1
C0272,동아리방에서 기다릴게요 잠원초,동아리방 잠원초,잠원초,잠원초등학교,1,잠원초등학교,1,잠원초등학교,1
C0273,인하대 학생들 야근 말고 치킨 먹자 🙏,인하대 학생들 야근 치킨,인하대,인하대학교,1,인하대학교,1,인하대학교,1
C0274,중간고사 버틴 잠원초 친구들한테 치킨 한 번만요,중간고사 잠원초 친구들 치킨 번만,잠원초,잠원초등학교,1,잠원초등학교,1,잠원초등학교,1
C0275,우리 반/동아리 대표로 서강대 신청합니다!,우리 반 동아리 대표 서강대 신청,서강대,서강대학교,1,서강대학교,1,서강대학교,1
C0276,서울대 가보자고 🍗,서울대,서울대,서울대학교,1,서울대학교,1,서울대학교,1
C0277,비 오는 날엔 치킨이죠 이대부초 부탁드립니다,비 날 치킨이 이대부초,이대부초,이화여자대학교사범대학부속초등학교,1,이화여자대학교사범대학부속초등학교,1,이화여자대학교사범대학부속초등학교,1
C0278,휘문고 vs 서울공업고 얘기하다가 결국 휘문고로 참여합니다,휘문고 vs 서울공업 얘기 결국 참여,휘문고,휘문고등학교,1,휘문고등학교,1,휘문고등학교,1
C0279,잠실중 vs 대치초 얘기하다가 결국 잠실중로 참여합니다,잠실중 vs 대치초 얘기 결국 참여,잠실중 대치초,잠실중학교 대치초등학교,2,잠실중학교,1,잠실중학교,1
C0280,성대 vs 중동고 얘기하다가 결국 성대로 참여합니다,성대 vs 중동고 얘기 결국 참여,성대 중동고,성균관대학교 중동고등학교,2,성균관대학교 중동고등학교,2,성균관대학교 중동고등학교,2
C0281,시험기간엔 건국대 치킨이 답,시험기간 건국대 치킨 답,건국대,건국대학교,1,건국대학교,1,건국대학교,1
C0282,[반포중] 이벤트 참여합니다,반포중 이벤트 참여,반포중,반포중학교,1,반포중학교,1,반포중학교,1
C0283,이화여대 회식 대신 치킨 원합니다,이화여대 회식 대신 치킨,이화여대,이화여자대학교,1,이화여자대학교,1,이화여자대학교,1
C0284,학식 말고 치킨 먹고 싶어요 이화여대부속초,학식 치킨 이화여대부속초,이화여대부속초,이화여자대학교사범대학부속초등학교,1,이화여자대학교사범대학부속초등학교,1,이화여자대학교사범대학부속초등학교,1
C0285,휘문고 vs 인하부중 얘기하다가 결국 휘문고로 참여합니다,휘문고 vs 인하부중 얘기 결국 참여,휘문고 인하부중,휘문고등학교 인하대학교사범대학부속중학교,2,휘문고등학교 인하대학교사범대학부속중학교,2,휘문고등학교 인하대학교사범대학부속중학교,2
C0286,비 오는 날엔 치킨이죠 서강대 부탁드립니다,비 날 치킨이 서강대,서강대,서강대학교,1,서강대학교,1,서강대학교,1
C0287,반포초 반포초 치킨 주세요!,반포초 치킨,반포초,반포초등학교,1,반포초등학교,1,반포초등학교,1
C0288,인하대부속초  치킨  가즈아,인하대부속초 치킨 가즈,인하대부속초,인하대부속초등학교,1,,0,인하대학교부속초등학교,1
C0289,인하대학교 축제 준비팀입니다 치킨이면 밤샘 가능,인하대학교 축제 준비팀 치킨이면 밤샘 가능,인하대학교,인하대학교,1,인하대학교,1,인하대학교,1
C0290,경기고 가보자고 🍗,경기,경기고 가보자고,경기고등학교 가보자고등학교,2,경기고등학교,1,경기고등학교,1
C0291,오늘 회의 많은데 서울고 치킨 지원 부탁드려요,오늘 회의 서울 치킨 지원,서울고,서울고등학교,1,서울고등학교,1,서울고등학교,1
C0292,학식 말고 치킨 먹고 싶어요 서울공고,학식 치킨 서울공고,서울공고,서울공고등학교,1,,0,서울공고등학교,1
C0293,치킨 오면 인증샷 바로 올릴게요 경기고,치킨 인증샷 바로 경기,경기고,경기고등학교,1,경기고등학교,1,경기고등학교,1
C0294,서울고 축제 준비팀입니다 치킨이면 밤샘 가능,서울 축제 준비팀 치킨이면 밤샘 가능,서울고,서울고등학교,1,서울고등학교,1,서울고등학교,1
C0295,서초초 서초초 치킨 주세요!,서초초 치킨,서초초,서초초등학교,1,,0,서초초등학교,1
C0296,인하대부속초에 치킨 배달 오면 진짜 레전드,인하대부속초 치킨 배달 진짜 레전드,인하대부속초,인하대부속초등학교,1,,0,인하대학교부속초등학교,1
C0297,축제 뒤풀이 치킨은 연대로 부탁해요,축제 뒤풀이 치킨 연대 부탁,연대,연세대학교,1,연세대학교,1,연세대학교,1
C0298,학식 말고 치킨 먹고 싶어요 서울대,학식 치킨 서울대,서울대,서울대학교,1,서울대학교,1,서울대학교,1
C0299,서울공업고 친구들이랑 같이 먹고 싶어요,서울공업 친구들이 같이,서울공업고 먹고,서울공업고등학교 먹고등학교,2,서울공업고등학교,1,서울공업고등학교,1
C0300,시험기간엔 잠실중 치킨이 답,시험기간 잠실중 치킨 답,잠실중,잠실중학교,1,잠실중학교,1,잠실중학교,1
C0301,#인하대부속고 #배민이벤트,인하대부속고 배민이벤트,인하대부속고,인하대학교사범대학부속고등학교,1,인하대학교사범대학부속고등학교,1,인하대학교사범대학부속고등학교,1
C0302,우리 반/동아리 대표로 반포중 신청합니다!,우리 반 동아리 대표 반포중 신청,반포중,반포중학교,1,반포중학교,1,반포중학교,1
C0303,연대 회식 대신 치킨 원합니다,연대 회식 대신 치킨,연대,연세대학교,1,연세대학교,1,연세대학교,1
C0304,서울고도 참여 완료!,서울고도 참여 완료,서울고,서울고등학교,1,서울고등학교,1,서울고등학교,1
C0305,축제 뒤풀이 치킨은 이대로 부탁해요,축제 뒤풀이 치킨 이대로 부탁,이대,이화여자대학교,1,이화여자대학교,1,이화여자대학교,1
C0306,서초초 뽑히면 친구들이랑 나눠먹을게요,서초초 친구들이,서초초,서초초등학교,1,,0,서초초등학교,1
C0307,시험기간엔 반포초 치킨이 답,시험기간 반포초 치킨 답,반포초,반포초등학교,1,반포초등학교,1,반포초등학교,1
C0308,인하부중~ 꼭 뽑아주세요,인하부중 꼭,인하부중,인하대학교사범대학부속중학교,1,인하대학교사범대학부속중학교,1,인하대학교사범대학부속중학교,1
C0309,중간고사 버틴 고대 친구들한테 치킨 한 번만요,중간고사 고대 친구들 치킨 번만,고대,고려대학교,1,고려대학교,1,고려대학교,1
C0310,인하부고 친구랑 잠실중 친구 같이 보고 있는데 저는 인하부고로 신청!,인하부고 친구 잠실중 같이 보고 저 신청,인하부고 잠실중 보고,인하대학교사범대학부속고등학교 잠실중학교 보고등학교,3,인하대학교사범대학부속고등학교 잠실중학교,2,인하대학교사범대학부속고등학교 잠실중학교,2
C0311,우리 학교는 한양대 입니다,우리 학교 한양대,학교 한양대,학교 한양대학교,2,한양대학교,1,한양대학교,1
C0312,인하대도 참여 완료!,인하대 참여 완료,인하대,인하대학교,1,인하대학교,1,인하대학교,1
C0313,배민 최고… 이대도 꼭 뽑아주세요,배민 최고 이대 꼭,최고 이대,최고등학교 이화여자대학교,2,이화여자대학교,1,이화여자대학교,1
C0314,잠원초 회식 대신 치킨 원합니다,잠원초 회식 대신 치킨,잠원초,잠원초등학교,1,잠원초등학교,1,잠원초등학교,1
C0315,경기고 응원단 여기 있습니다!!,경기 응원단 여기,경기고,경기고등학교,1,경기고등학교,1,경기고등학교,1
C0316,잠실중 치킨 주세요!!,잠실중 치킨,잠실중,잠실중학교,1,잠실중학교,1,잠실중학교,1
C0317,잠원초 학생들 모여라,잠원초 학생들,잠원초,잠원초등학교,1,잠원초등학교,1,잠원초등학교,1
C0318,경기고ㅋㅋ 치킨 기다립니다,경기 치킨,경기고,경기고등학교,1,경기고등학교,1,경기고등학교,1
C0319,인하대부속초~ 꼭 뽑아주세요,인하대부속초 꼭,인하대부속초,인하대부속초등학교,1,,0,인하대학교부속초등학교,1
C0320,서울대 회식 대신 치킨 원합니다,서울대 회식 대신 치킨,서울대,서울대학교,1,서울대학교,1,서울대학교,1
C0321,반포초 회식 대신 치킨 원합니다,반포초 회식 대신 치킨,반포초,반포초등학교,1,반포초등학교,1,반포초등학교,1
C0322,서울고에 치킨 배달 오면 진짜 레전드,서울고 치킨 배달 진짜 레전드,서울고,서울고등학교,1,서울고등학교,1,서울고등학교,1
C0323,인하대부속초 학생들 야근 말고 치킨 먹자 🙏,인하대부속초 학생들 야근 치킨,인하대부속초,인하대부속초등학교,1,,0,인하대학교부속초등학교,1
C0324,잠원초 동아리랑 한양대 동아리 같이 응원하지만 대표는 잠원초,잠원초 동아리 한양대 같이 응원하지 대표,잠원초 한양대,잠원초등학교 한양대학교,2,잠원초등학교 한양대학교,2,잠원초등학교 한양대학교,2
C0325,동아리방에서 기다릴게요 인하대부속고,동아리방 인하대부속고,인하대부속고,인하대학교사범대학부속고등학교,1,인하대학교사범대학부속고등학교,1,인하대학교사범대학부속고등학교,1
C0326,우리 반/동아리 대표로 이대부고 신청합니다!,우리 반 동아리 대표 이대부고 신청,이대부고,이화여자대학교사범대학부속이화금란고등학교,1,이화여자대학교사범대학부속이화금란고등학교,1,이화여자대학교사범대학부속이화금란고등학교,1
C0327,서울대.. 오늘만 기다렸어요,서울대 오늘,서울대,서울대학교,1,서울대학교,1,서울대학교,1
C0328,인하대도 참여 완료!,인하대 참여 완료,인하대,인하대학교,1,인하대학교,1,인하대학교,1
C0329,인하대부속중 응원단 여기 있습니다!!,인하대부속중 응원단 여기,인하대부속중,인하대학교사범대학부속중학교,1,인하대학교사범대학부속중학교,1,인하대학교사범대학부속중학교,1
C0330,건국대 동아리랑 서울고 동아리 같이 응원하지만 대표는 건국대,건국대 동아리 서울 같이 응원하지 대표,건국대,건국대학교,1,건국대학교,1,건국대학교,1
C0331,중간고사 버틴 대치중 친구들한테 치킨 한 번만요,중간고사 대치중 친구들 치킨 번만,대치중,대치중학교,1,대치중학교,1,대치중학교,1
C0332,성균관대학교 응원단 여기 있습니다!!,성균관대학교 응원단 여기,성균관대학교,성균관대학교,1,성균관대학교,1,성균관대학교,1
C0333,성균관대 학생들 야근 말고 치킨 먹자 🙏,성균관대 학생들 야근 치킨,성균관대,성균관대학교,1,성균관대학교,1,성균관대학교,1
C0334,인하대부속중에 치킨 배달 오면 진짜 레전드,인하대부속중 치킨 배달 진짜 레전드,인하대부속중,인하대학교사범대학부속중학교,1,인하대학교사범대학부속중학교,1,인하대학교사범대학부속중학교,1
C0335,오늘 회의 많은데 서울고 치킨 지원 부탁드려요,오늘 회의 서울 치킨 지원,서울고,서울고등학교,1,서울고등학교,1,서울고등학교,1
C0336,서초초 치킨 주세요!!,서초초 치킨,서초초,서초초등학교,1,,0,서초초등학교,1
C0337,잠원초도 참여 완료!,잠원초 참여 완료,잠원초,잠원초등학교,1,잠원초등학교,1,잠원초등학교,1
C0338,서울대 친구들이랑 같이 먹고 싶어요,서울대 친구들이 같이,서울대,서울대학교,1,서울대학교,1,서울대학교,1
C0339,인하대부속고ㅋㅋ 치킨 기다립니다,인하대부속고 치킨,인하대부속고,인하대학교사범대학부속고등학교,1,인하대학교사범대학부속고등학교,1,인하대학교사범대학부속고등학교,1
C0340,학식 말고 치킨 먹고 싶어요 서울공업고,학식 치킨 서울공업,말고 먹고 서울공업고,말고등학교 먹고등학교 서울공업고등학교,3,서울공업고등학교,1,서울공업고등학교,1
C0341,학식 말고 치킨 먹고 싶어요 서울공업고,학식 치킨 서울공업,말고 먹고 서울공업고,말고등학교 먹고등학교 서울공업고등학교,3,서울공업고등학교,1,서울공업고등학교,1
C0342,우리 반/동아리 대표로 서초중 신청합니다!,우리 반 동아리 대표 서초중 신청,서초중,서초중학교,1,서초중학교,1,서초중학교,1
C0343,경기고 친구들이랑 같이 먹고 싶어요,경기 친구들이 같이,경기고 먹고,경기고등학교 먹고등학교,2,경기고등학교,1,경기고등학교,1
C0344,이대부고 동아리랑 이대 동아리 같이 응원하지만 대표는 이대부고,이대부고 동아리 이대 같이 응원하지 대표,이대부고 이대,이화여자대학교사범대학부속이화금란고등학교 이화여자대학교,2,이화여자대학교사범대학부속이화금란고등학교 이화여자대학교,2,이화여자대학교사범대학부속이화금란고등학교 이화여자대학교,2
C0345,건대 동아리랑 서울공업고 동아리 같이 응원하지만 대표는 건대,건대 동아리 서울공업 같이 응원하지 대표,건대,건국대학교,1,건국대학교,1,건국대학교,1
C0346,이화여대부속초 학생들 모여라,이화여대부속초 학생들,이화여대부속초,이화여자대학교사범대학부속초등학교,1,이화여자대학교사범대학부속초등학교,1,이화여자대학교사범대학부속초등학교,1
C0347,축제 뒤풀이 치킨은 이대부초로 부탁해요,축제 뒤풀이 치킨 이대부초 부탁,이대부초,이화여자대학교사범대학부속초등학교,1,이화여자대학교사범대학부속초등학교,1,이화여자대학교사범대학부속초등학교,1
C0348,중동고 vs 서울공고 얘기하다가 결국 중동고로 참여합니다,중동고 vs 서울공고 얘기 결국 참여,중동고 서울공고,중동고등학교 서울공고등학교,2,중동고등학교,1,중동고등학교,1
C0349,한양대!!! 치킨 부탁드려요,한양대 치킨,한양대,한양대학교,1,한양대학교,1,한양대학교,1
C0350,비 오는 날엔 치킨이죠 인하부고 부탁드립니다,비 날 치킨이 인하부고,인하부고,인하대학교사범대학부속고등학교,1,인하대학교사범대학부속고등학교,1,인하대학교사범대학부속고등학교,1
C0351,축제 뒤풀이 치킨은 인하대학교부속초등학교로 부탁해요,축제 뒤풀이 치킨 인하대학교부속초등학교 부탁,인하대학교부속초등학교,인하대학교부속초등학교,1,,0,인하대학교부속초등학교,1
C0352,치킨 오면 인증샷 바로 올릴게요 서초중,치킨 인증샷 바로 서초중,서초중,서초중학교,1,서초중학교,1,서초중학교,1
C0353,학식 말고 치킨 먹고 싶어요 서초초,학식 치킨 서초초,서초초,서초초등학교,1,,0,서초초등학교,1
C0354,배민 이벤트 참여합니다! 대치초로 보내주세요,배민 이벤트 참여 대치초로,대치초,대치초등학교,1,,0,대치초등학교,1
C0355,시험기간엔 이대 치킨이 답,시험기간 이대 치킨 답,이대,이화여자대학교,1,이화여자대학교,1,이화여자대학교,1
C0356,대치중~ 꼭 뽑아주세요,대치중 꼭,대치중,대치중학교,1,대치중학교,1,대치중학교,1
C0357,배민 최고… 이대부고도 꼭 뽑아주세요,배민 최고 이대부고 꼭,최고 이대부고,최고등학교 이화여자대학교사범대학부속이화금란고등학교,2,이화여자대학교사범대학부속이화금란고등학교,1,이화여자대학교사범대학부속이화금란고등학교,1
C0358,오늘 회의 많은데 건국대 치킨 지원 부탁드려요,오늘 회의 건국대 치킨 지원,건국대,건국대학교,1,건국대학교,1,건국대학교,1
C0359,대치중 / 치킨 / 제발,대치중 치킨 제발,대치중,대치중학교,1,대치중학교,1,대치중학교,1
C0360,인하대부속중  치킨  가즈아,인하대부속중 치킨 가즈,인하대부속중,인하대학교사범대학부속중학교,1,인하대학교사범대학부속중학교,1,인하대학교사범대학부속중학교,1
C0361,건국대 회식 대신 치킨 원합니다,건국대 회식 대신 치킨,건국대,건국대학교,1,건국대학교,1,건국대학교,1
C0362,오늘 회의 많은데 서울공업고 치킨 지원 부탁드려요,오늘 회의 서울공업 치킨 지원,서울공업고,서울공업고등학교,1,서울공업고등학교,1,서울공업고등학교,1
C0363,이번엔 건국대 차례입니다 🍗,이번 건국대 차례,건국대,건국대학교,1,건국대학교,1,건국대학교,1
C0364,배고픈 인하대 학생들 살려주세요ㅠㅠ,인하대 학생들,인하대,인하대학교,1,인하대학교,1,인하대학교,1
C0365,우리 반/동아리 대표로 이대 신청합니다!,우리 반 동아리 대표 이대 신청,이대,이화여자대학교,1,이화여자대학교,1,이화여자대학교,1
C0366,한양대 친구가 놀러왔지만 치킨은 서울공고로 주세요,한양대 친구 치킨 서울공고,한양대 서울공고,한양대학교 서울공고등학교,2,한양대학교,1,한양대학교,1
C0367,배고픈 중동고 학생들 살려주세요ㅠㅠ,중동고 학생들,중동고,중동고등학교,1,중동고등학교,1,중동고등학교,1
C0368,이화여자대학교 학생입니다. 이벤트 참여합니다.,이화여자대학교 학생 이벤트 참여,이화여자대학교,이화여자대학교,1,이화여자대학교,1,이화여자대학교,1
C0369,치킨 오면 인증샷 바로 올릴게요 인하대부속중,치킨 인증샷 바로 인하대부속중,인하대부속중,인하대학교사범대학부속중학교,1,인하대학교사범대학부속중학교,1,인하대학교사범대학부속중학교,1
C0370,중동고 가보자고 🍗,중동고,중동고,중동고등학교,1,중동고등학교,1,중동고등학교,1
C0371,인하대부속고 학생들 야근 말고 치킨 먹자 🙏,인하대부속고 학생들 야근 치킨,인하대부속고,인하대학교사범대학부속고등학교,1,인하대학교사범대학부속고등학교,1,인하대학교사범대학부속고등학교,1
C0372,이화여대부속중 친구들이랑 같이 먹고 싶어요,이화여대부속중 친구들이 같이,이화여대부속중,이화여자대학교사범대학부속이화·금란중학교,1,이화여자대학교사범대학부속이화·금란중학교,1,이화여자대학교사범대학부속이화·금란중학교,1
C0373,서 초 초 / 치킨 / 제발,초 치킨 제발,초,초등학교,1,초등학교,1,초등학교,1
C0374,건국대 응원단 여기 있습니다!!,건국대 응원단 여기,건국대,건국대학교,1,건국대학교,1,건국대학교,1
C0375,배민 최고… 잠원초등학교도 꼭 뽑아주세요,배민 최고 잠원초등학교 꼭,최고 잠원초등학교,최고등학교 잠원초등학교,2,잠원초등학교,1,잠원초등학교,1
C0376,서초중 학생들 모여라,서초중 학생들,서초중,서초중학교,1,서초중학교,1,서초중학교,1
C0377,비 오는 날엔 치킨이죠 경기고 부탁드립니다,비 날 치킨이 경기,경기고,경기고등학교,1,경기고등학교,1,경기고등학교,1
C0378,인하대!!! 치킨 부탁드려요,인하대 치킨,인하대,인하대학교,1,인하대학교,1,인하대학교,1
C0379,서울대 뽑히면 친구들이랑 나눠먹을게요,서울대 친구들이,서울대,서울대학교,1,서울대학교,1,서울대학교,1
C0380,잠원초 치킨 주세요!!,잠원초 치킨,잠원초,잠원초등학교,1,잠원초등학교,1,잠원초등학교,1
C0381,서울고에 치킨 배달 오면 진짜 레전드,서울고 치킨 배달 진짜 레전드,서울고,서울고등학교,1,서울고등학교,1,서울고등학교,1
C0382,서 강 대!!! 치킨 부탁드려요,강 치킨,서강대,서강대학교,1,서강대학교,1,서강대학교,1
C0383,#서울공고 #배민이벤트,서울공고 배민이벤트,서울공고,서울공고등학교,1,,0,서울공고등학교,1
C0384,성균관대 학생들 모여라,성균관대 학생들,성균관대,성균관대학교,1,성균관대학교,1,성균관대학교,1
C0385,인하대부속중 학생들 야근 말고 치킨 먹자 🙏,인하대부속중 학생들 야근 치킨,인하대부속중,인하대학교사범대학부속중학교,1,인하대학교사범대학부속중학교,1,인하대학교사범대학부속중학교,1
C0386,인하부중 가보자고 🍗,인하부중,인하부중,인하대학교사범대학부속중학교,1,인하대학교사범대학부속중학교,1,인하대학교사범대학부속중학교,1
C0387,치킨 오면 인증샷 바로 올릴게요 잠원초,치킨 인증샷 바로 잠원초,잠원초,잠원초등학교,1,잠원초등학교,1,잠원초등학교,1
C0388,축제 뒤풀이 치킨은 이대부초로 부탁해요,축제 뒤풀이 치킨 이대부초 부탁,이대부초,이화여자대학교사범대학부속초등학교,1,이화여자대학교사범대학부속초등학교,1,이화여자대학교사범대학부속초등학교,1
C0389,반 포 중  치킨  가즈아,반 포 중 치킨 가즈,중,중학교,1,,0,,0
C0390,#이대부고 #배민이벤트,이대부고 배민이벤트,이대부고,이화여자대학교사범대학부속이화금란고등학교,1,이화여자대학교사범대학부속이화금란고등학교,1,이화여자대학교사범대학부속이화금란고등학교,1
C0391,대치중학교 치킨 배달 부탁드립니다.,대치중학교 치킨 배달,대치중학교,대치중학교,1,대치중학교,1,대치중학교,1
C0392,이화여대부속초도 참여 완료!,이화여대부속초도 참여 완료,이화여대,이화여자대학교,1,이화여자대학교,1,이화여자대학교,1
C0393,고려대!!! 치킨 부탁드려요,고려대 치킨,고려대,고려대학교,1,고려대학교,1,고려대학교,1
C0394,중앙대 뽑히면 친구들이랑 나눠먹을게요,중앙대 친구들이,중앙대,중앙대학교,1,중앙대학교,1,중앙대학교,1
C0395,오늘 회의 많은데 서초초 치킨 지원 부탁드려요,오늘 회의 서초초 치킨 지원,서초초,서초초등학교,1,,0,서초초등학교,1
C0396,연세대도 참여 완료!,연세대 참여 완료,연세대,연세대학교,1,연세대학교,1,연세대학교,1
C0397,우리 반/동아리 대표로 인하부중 신청합니다!,우리 반 동아리 대표 인하부중 신청,인하부중,인하대학교사범대학부속중학교,1,인하대학교사범대학부속중학교,1,인하대학교사범대학부속중학교,1
C0398,배민 이벤트 참여합니다! 서울고로 보내주세요,배민 이벤트 참여 서울고로,서울고,서울고등학교,1,서울고등학교,1,서울고등학교,1
C0399,인하부중 학생들 모여라,인하부중 학생들,인하부중,인하대학교사범대학부속중학교,1,인하대학교사범대학부속중학교,1,인하대학교사범대학부속중학교,1
C0400,중간고사 버틴 이대부고 친구들한테 치킨 한 번만요,중간고사 이대부고 친구들 치킨 번만,이대부고,이화여자대학교사범대학부속이화금란고등학교,1,이화여자대학교사범대학부속이화금란고등학교,1,이화여자대학교사범대학부속이화금란고등학교,1
C0401,서초초 / 치킨 / 제발,서초초 치킨 제발,서초초,서초초등학교,1,,0,서초초등학교,1
C0402,배고픈 서울대 학생들 살려주세요ㅠㅠ,서울대 학생들,서울대,서울대학교,1,서울대학교,1,서울대학교,1
C0403,건대 학생입니다 건대 뽑아주세요,건대 학생,건대,건국대학교,1,건국대학교,1,건국대학교,1
C0404,비 오는 날엔 치킨이죠 건국대 부탁드립니다,비 날 치킨이 건국대,건국대,건국대학교,1,건국대학교,1,건국대학교,1
C0405,서초중~ 꼭 뽑아주세요,서초중 꼭,서초중,서초중학교,1,서초중학교,1,서초중학교,1
C0406,잠원초 가보자고 🍗,잠원초,잠원초,잠원초등학교,1,잠원초등학교,1,잠원초등학교,1
C0407,동아리방에서 기다릴게요 연세대학교,동아리방 연세대학교,연세대학교,연세대학교,1,연세대학교,1,연세대학교,1
C0408,한양대 가보자고 🍗,한양대,한양대,한양대학교,1,한양대학교,1,한양대학교,1
C0409,인하부초 친구가 놀러왔지만 치킨은 서초중로 주세요,인하부초 친구 치킨 서초중,인하부초 서초중,인하부초등학교 서초중학교,2,서초중학교,1,서초중학교,1
C0410,배고픈 서초중 학생들 살려주세요ㅠㅠ,서초중 학생들,서초중,서초중학교,1,서초중학교,1,서초중학교,1
C0411,서초초에 치킨 배달 오면 진짜 레전드,서초초 치킨 배달 진짜 레전드,서초초,서초초등학교,1,,0,서초초등학교,1
C0412,축제 뒤풀이 치킨은 인하대학교부속고등학교로 부탁해요,축제 뒤풀이 치킨 인하대학교부속고등학교 부탁,인하대학교부속고등학교,인하대학교부속고등학교,1,,0,인하대학교부속고등학교,1
C0413,서울고 학생들 모여라,서울 학생들,서울고,서울고등학교,1,서울고등학교,1,서울고등학교,1
C0414,배고픈 서초중 학생들 살려주세요ㅠㅠ,서초중 학생들,서초중,서초중학교,1,서초중학교,1,서초중학교,1
C0415,서울공업고 뽑히면 친구들이랑 나눠먹을게요,서울공업 친구들이,서울공업고,서울공업고등학교,1,서울공업고등학교,1,서울공업고등학교,1
C0416,서울공고 축제 준비팀입니다 치킨이면 밤샘 가능,서울공고 축제 준비팀 치킨이면 밤샘 가능,서울공고,서울공고등학교,1,,0,서울공고등학교,1
C0417,이번엔 인하대부속초 차례입니다 🍗,이번 인하대부속초 차례,인하대부속초,인하대부속초등학교,1,,0,인하대학교부속초등학교,1
C0418,[잠원초] 이벤트 참여합니다,잠원초 이벤트 참여,잠원초,잠원초등학교,1,잠원초등학교,1,잠원초등학교,1
C0419,서강대 동아리랑 이화여대부속초 동아리 같이 응원하지만 대표는 서강대,서강대 동아리 이화여대부속초 같이 응원하지 대표,서강대 이화여대부속초,서강대학교 이화여자대학교사범대학부속초등학교,2,서강대학교 이화여자대학교사범대학부속초등학교,2,서강대학교 이화여자대학교사범대학부속초등학교,2
C0420,#연세대 #배민이벤트,연세대 배민이벤트,연세대,연세대학교,1,연세대학교,1,연세대학교,1
C0421,배민 이벤트 참여합니다! 인하대학교로 보내주세요,배민 이벤트 참여 인하대학교,인하대학교,인하대학교,1,인하대학교,1,인하대학교,1
C0422,인하대학교 응원단 여기 있습니다!!,인하대학교 응원단 여기,인하대학교,인하대학교,1,인하대학교,1,인하대학교,1
C0423,이번엔 한양대 차례입니다 🍗,이번 한양대 차례,한양대,한양대학교,1,한양대학교,1,한양대학교,1
C0424,인하부중 학생들 모여라,인하부중 학생들,인하부중,인하대학교사범대학부속중학교,1,인하대학교사범대학부속중학교,1,인하대학교사범대학부속중학교,1
C0425,이화여대부속고.. 오늘만 기다렸어요,이화여대부속고 오늘,이화여대부속고,이화여자대학교사범대학부속이화금란고등학교,1,이화여자대학교사범대학부속이화금란고등학교,1,이화여자대학교사범대학부속이화금란고등학교,1
C0426,인하대학교사범대학부속초등학교 치킨 배달 부탁드립니다.,인하대학교사범대학부속초등학교 치킨 배달,인하대학교사범대학부속초등학교,인하대학교사범대학부속초등학교,1,,0,인하대학교사범대학부속초등학교,1
C0427,우리 반/동아리 대표로 반포중 신청합니다!,우리 반 동아리 대표 반포중 신청,반포중,반포중학교,1,반포중학교,1,반포중학교,1
C0428,대치초 축제 준비팀입니다 치킨이면 밤샘 가능,대치초 축제 준비팀 치킨이면 밤샘 가능,대치초,대치초등학교,1,,0,대치초등학교,1
C0429,축제 뒤풀이 치킨은 서울공고로 부탁해요,축제 뒤풀이 치킨 서울공고 부탁,서울공고,서울공고등학교,1,,0,서울공고등학교,1
C0430,배민 이벤트 참여합니다! 인하대학교부속중학교로 보내주세요,배민 이벤트 참여 인하대학교부속중학교,인하대학교부속중학교,인하대학교부속중학교,1,,0,인하대학교부속중학교,1
C0431,경기고에 치킨 배달 오면 진짜 레전드,경기고 치킨 배달 진짜 레전드,경기고,경기고등학교,1,경기고등학교,1,경기고등학교,1
C0432,비 오는 날엔 치킨이죠 서강대학교 부탁드립니다,비 날 치킨이 서강대학교,서강대학교,서강대학교,1,서강대학교,1,서강대학교,1
C0433,서울공업고.. 오늘만 기다렸어요,서울공업 오늘,서울공업고,서울공업고등학교,1,서울공업고등학교,1,서울공업고등학교,1
C0434,오늘 과제 끝낸 인하부초 팀 치킨 가즈아ㅋㅋ,오늘 과제 인하부초 팀 치킨 가즈,인하부초,인하부초등학교,1,,0,인하부초등학교,1
C0435,오늘 과제 끝낸 이대부고 팀 치킨 가즈아ㅋㅋ,오늘 과제 이대부고 팀 치킨 가즈,이대부고,이화여자대학교사범대학부속이화금란고등학교,1,이화여자대학교사범대학부속이화금란고등학교,1,이화여자대학교사범대학부속이화금란고등학교,1
C0436,오늘 과제 끝낸 이화여대부속초 팀 치킨 가즈아ㅋㅋ,오늘 과제 이화여대부속초 팀 치킨 가즈,이화여대부속초,이화여자대학교사범대학부속초등학교,1,이화여자대학교사범대학부속초등학교,1,이화여자대학교사범대학부속초등학교,1
C0437,휘 문 고  치킨  가즈아,휘 문 고 치킨 가즈,고,고등학교,1,,0,,0
C0438,축제 뒤풀이 치킨은 반포중로 부탁해요,축제 뒤풀이 치킨 반포중 부탁,반포중,반포중학교,1,반포중학교,1,반포중학교,1
C0439,잠원초 치킨 주세요!!,잠원초 치킨,잠원초,잠원초등학교,1,잠원초등학교,1,잠원초등학교,1
C0440,[중동고] 이벤트 참여합니다,중동고 이벤트 참여,중동고,중동고등학교,1,중동고등학교,1,중동고등학교,1
C0441,치킨 오면 인증샷 바로 올릴게요 잠원초,치킨 인증샷 바로 잠원초,잠원초,잠원초등학교,1,잠원초등학교,1,잠원초등학교,1
C0442,동아리방에서 기다릴게요 서울공업고,동아리방 서울공업,서울공업고,서울공업고등학교,1,서울공업고등학교,1,서울공업고등학교,1
C0443,서울공업고 친구들이랑 같이 먹고 싶어요,서울공업 친구들이 같이,서울공업고 먹고,서울공업고등학교 먹고등학교,2,서울공업고등학교,1,서울공업고등학교,1
C0444,배민 최고… 잠실중도 꼭 뽑아주세요,배민 최고 잠실중도 꼭,최고,최고등학교,1,,0,,0
C0445,이화여대부속고 친구랑 한양대 친구 같이 보고 있는데 저는 이화여대부속고로 신청!,이화여대부속고 친구 한양대 같이 보고 저 신청,이화여대부속고 한양대 보고,이화여자대학교사범대학부속이화금란고등학교 한양대학교 보고등학교,3,이화여자대학교사범대학부속이화금란고등학교 한양대학교,2,이화여자대학교사범대학부속이화금란고등학교 한양대학교,2
C0446,대치초 학생들 야근 말고 치킨 먹자 🙏,대치초 학생들 야근 치킨,대치초,대치초등학교,1,,0,대치초등학교,1
C0447,반포중 응원단 여기 있습니다!!,반포중 응원단 여기,반포중,반포중학교,1,반포중학교,1,반포중학교,1
C0448,인하대학교부속고등학교 응원단 여기 있습니다!!,인하대학교부속고등학교 응원단 여기,인하대학교부속고등학교,인하대학교부속고등학교,1,,0,인하대학교부속고등학교,1
C0449,축제 뒤풀이 치킨은 건국대로 부탁해요,축제 뒤풀이 치킨 건국대 부탁,건국대,건국대학교,1,건국대학교,1,건국대학교,1
C0450,서강대 친구가 놀러왔지만 치킨은 반포중로 주세요,서강대 친구 치킨 반포중,서강대 반포중,서강대학교 반포중학교,2,서강대학교 반포중학교,2,서강대학교 반포중학교,2
C0451,배고픈 잠실중 학생들 살려주세요ㅠㅠ,잠실중 학생들,잠실중,잠실중학교,1,잠실중학교,1,잠실중학교,1
C0452,이화여대부속고!!! 치킨 부탁드려요,이화여대부속고 치킨,이화여대부속고,이화여자대학교사범대학부속이화금란고등학교,1,이화여자대학교사범대학부속이화금란고등학교,1,이화여자대학교사범대학부속이화금란고등학교,1
C0453,오늘 과제 끝낸 인하부고 팀 치킨 가즈아ㅋㅋ,오늘 과제 인하부고 팀 치킨 가즈,인하부고,인하대학교사범대학부속고등학교,1,인하대학교사범대학부속고등학교,1,인하대학교사범대학부속고등학교,1
C0454,우리 학교는 이대부초 입니다,우리 학교 이대부초,학교 이대부초,학교 이화여자대학교사범대학부속초등학교,2,이화여자대학교사범대학부속초등학교,1,이화여자대학교사범대학부속초등학교,1
C0455,오늘 회의 많은데 이대 치킨 지원 부탁드려요,오늘 회의 이대 치킨 지원,이대,이화여자대학교,1,이화여자대학교,1,이화여자대학교,1
C0456,서울고!!! 치킨 부탁드려요,서울 치킨,서울고,서울고등학교,1,서울고등학교,1,서울고등학교,1
C0457,인하부고~ 꼭 뽑아주세요,인하부고 꼭,인하부고,인하대학교사범대학부속고등학교,1,인하대학교사범대학부속고등학교,1,인하대학교사범대학부속고등학교,1
C0458,건대ㅋㅋ 치킨 기다립니다,건대 치킨,건대,건국대학교,1,건국대학교,1,건국대학교,1
C0459,중간고사 버틴 인하대 친구들한테 치킨 한 번만요,중간고사 인하대 친구들 치킨 번만,인하대,인하대학교,1,인하대학교,1,인하대학교,1
C0460,인하대  치킨  가즈아,인하대 치킨 가즈,인하대,인하대학교,1,인하대학교,1,인하대학교,1
C0461,오늘 회의 많은데 대치중 치킨 지원 부탁드려요,오늘 회의 대치중 치킨 지원,대치중,대치중학교,1,대치중학교,1,대치중학교,1
C0462,오늘 회의 많은데 서울고 치킨 지원 부탁드려요,오늘 회의 서울 치킨 지원,서울고,서울고등학교,1,서울고등학교,1,서울고등학교,1
C0463,축제 뒤풀이 치킨은 인하대부속초로 부탁해요,축제 뒤풀이 치킨 인하대부속초로 부탁,인하대,인하대학교,1,인하대학교,1,인하대학교,1
C0464,오늘 과제 끝낸 서초중 팀 치킨 가즈아ㅋㅋ,오늘 과제 서초중 팀 치킨 가즈,서초중,서초중학교,1,서초중학교,1,서초중학교,1
C0465,배고픈 대치초 학생들 살려주세요ㅠㅠ,대치초 학생들,대치초,대치초등학교,1,,0,대치초등학교,1
C0466,치킨 오면 인증샷 바로 올릴게요 서초초,치킨 인증샷 바로 서초초,서초초,서초초등학교,1,,0,서초초등학교,1
C0467,대치중 vs 중앙대 얘기하다가 결국 대치중로 참여합니다,대치중 vs 중앙대 얘기 결국 참여,대치중 중앙대,대치중학교 중앙대학교,2,대치중학교 중앙대학교,2,대치중학교 중앙대학교,2
C0468,우리 학교는 서초초 입니다,우리 학교 서초초,학교 서초초,학교 서초초등학교,2,,0,서초초등학교,1
C0469,대치중  치킨  가즈아,대치중 치킨 가즈,대치중,대치중학교,1,대치중학교,1,대치중학교,1
C0470,인하부초 친구랑 서울대 친구 같이 보고 있는데 저는 인하부초로 신청!,인하부초 친구 서울대 같이 보고 저 신청,인하부초 서울대 보고,인하부초등학교 서울대학교 보고등학교,3,서울대학교,1,서울대학교,1
C0471,대치중 학생입니다 대치중 뽑아주세요,대치중 학생,대치중,대치중학교,1,대치중학교,1,대치중학교,1
C0472,서울고 가보자고 🍗,서울,서울고 가보자고,서울고등학교 가보자고등학교,2,서울고등학교,1,서울고등학교,1
C0473,배고픈 인하대 학생들 살려주세요ㅠㅠ,인하대 학생들,인하대,인하대학교,1,인하대학교,1,인하대학교,1
C0474,[인하부중] 이벤트 참여합니다,인하부중 이벤트 참여,인하부중,인하대학교사범대학부속중학교,1,인하대학교사범대학부속중학교,1,인하대학교사범대학부속중학교,1
C0475,배고픈 고려대 학생들 살려주세요ㅠㅠ,고려대 학생들,고려대,고려대학교,1,고려대학교,1,고려대학교,1
C0476,오늘 회의 많은데 서초중 치킨 지원 부탁드려요,오늘 회의 서초중 치킨 지원,서초중,서초중학교,1,서초중학교,1,서초중학교,1
C0477,인하대 응원단 여기 있습니다!!,인하대 응원단 여기,인하대,인하대학교,1,인하대학교,1,인하대학교,1
C0478,배고픈 이화여대부속중 학생들 살려주세요ㅠㅠ,이화여대부속중 학생들,이화여대부속중,이화여자대학교사범대학부속이화·금란중학교,1,이화여자대학교사범대학부속이화·금란중학교,1,이화여자대학교사범대학부속이화·금란중학교,1
C0479,대치초 가보자고 🍗,대치초,대치초,대치초등학교,1,,0,대치초등학교,1
C0480,동아리방에서 기다릴게요 대치중,동아리방 대치중,대치중,대치중학교,1,대치중학교,1,대치중학교,1
C0481,한양대 학생들 야근 말고 치킨 먹자 🙏,한양대 학생들 야근 치킨,한양대,한양대학교,1,한양대학교,1,한양대학교,1
C0482,[고대] 이벤트 참여합니다,고대 이벤트 참여,고대,고려대학교,1,고려대학교,1,고려대학교,1
C0483,대치초 뽑히면 친구들이랑 나눠먹을게요,대치초 친구들이,대치초,대치초등학교,1,,0,대치초등학교,1
C0484,고대 vs 인하대부속중 얘기하다가 결국 고대로 참여합니다,고대 vs 인하대부속중 얘기 결국 고대로 참여,고대 인하대부속중,고려대학교 인하대학교사범대학부속중학교,2,고려대학교 인하대학교사범대학부속중학교,2,고려대학교 인하대학교사범대학부속중학교,2
C0485,잠실중 응원단 여기 있습니다!!,잠실중 응원단 여기,잠실중,잠실중학교,1,잠실중학교,1,잠실중학교,1
C0486,배고픈 인하대부속초 학생들 살려주세요ㅠㅠ,인하대부속초 학생들,인하대부속초,인하대부속초등학교,1,,0,인하대학교부속초등학교,1
C0487,우리 반/동아리 대표로 서울공업고 신청합니다!,우리 반 동아리 대표 서울공업 신청,서울공업고,서울공업고등학교,1,서울공업고등학교,1,서울공업고등학교,1
C0488,중앙대학교에 치킨 배달 오면 진짜 레전드,중앙대학교 치킨 배달 진짜 레전드,중앙대학교,중앙대학교,1,중앙대학교,1,중앙대학교,1
C0489,반포중~ 꼭 뽑아주세요,반포중 꼭,반포중,반포중학교,1,반포중학교,1,반포중학교,1
C0490,우리 반/동아리 대표로 반포중 신청합니다!,우리 반 동아리 대표 반포중 신청,반포중,반포중학교,1,반포중학교,1,반포중학교,1
C0491,성균관대 뽑히면 친구들이랑 나눠먹을게요,성균관대 친구들이,성균관대,성균관대학교,1,성균관대학교,1,성균관대학교,1
C0492,반포초 친구랑 고대 친구 같이 보고 있는데 저는 반포초로 신청!,반포초 친구 고대 같이 보고 저 반포초로 신청,반포초 고대 보고,반포초등학교 고려대학교 보고등학교,3,반포초등학교 고려대학교,2,반포초등학교 고려대학교,2
C0493,배고픈 건대 학생들 살려주세요ㅠㅠ,건대 학생들,건대,건국대학교,1,건국대학교,1,건국대학교,1
C0494,#이대부초 #배민이벤트,이대부초 배민이벤트,이대부초,이화여자대학교사범대학부속초등학교,1,이화여자대학교사범대학부속초등학교,1,이화여자대학교사범대학부속초등학교,1
C0495,이화여자대학교부속초등학교 치킨 배달 부탁드립니다.,이화여자대학교부속초등학교 치킨 배달,이화여자대학교부속초등학교,이화여자대학교부속초등학교,1,,0,이화여자대학교부속초등학교,1
C0496,이대부중 응원단 여기 있습니다!!,이대부중 응원단 여기,이대부중,이화여자대학교사범대학부속이화·금란중학교,1,이화여자대학교사범대학부속이화·금란중학교,1,이화여자대학교사범대학부속이화·금란중학교,1
C0497,시험기간엔 서울대 치킨이 답,시험기간 서울대 치킨 답,서울대,서울대학교,1,서울대학교,1,서울대학교,1
C0498,축제 뒤풀이 치킨은 서울공업고로 부탁해요,축제 뒤풀이 치킨 서울공업고로 부탁,서울공업고,서울공업고등학교,1,서울공업고등학교,1,서울공업고등학교,1
C0499,서초초 친구랑 반포초 친구 같이 보고 있는데 저는 서초초로 신청!,서초초 친구 반포초 같이 보고 저 서초초로 신청,서초초 반포초 보고,서초초등학교 반포초등학교 보고등학교,3,반포초등학교,1,반포초등학교,1
C0500,오늘 회의 많은데 서울공고 치킨 지원 부탁드려요,오늘 회의 서울공고 치킨 지원,서울공고,서울공고등학교,1,,0,서울공고등학교,1
C0501,학식 말고 치킨 먹고 싶어요 서울대,학식 치킨 서울대,서울대,서울대학교,1,서울대학교,1,서울대학교,1
C0502,배고픈 서초중 학생들 살려주세요ㅠㅠ,서초중 학생들,서초중,서초중학교,1,서초중학교,1,서초중학교,1
C0503,서초중 회식 대신 치킨 원합니다,서초중 회식 대신 치킨,서초중,서초중학교,1,서초중학교,1,서초중학교,1
C0504,한양대 회식 대신 치킨 원합니다,한양대 회식 대신 치킨,한양대,한양대학교,1,한양대학교,1,한양대학교,1
C0505,배민 이벤트 참여합니다! 경기고로 보내주세요,배민 이벤트 참여 경기고로,경기고,경기고등학교,1,경기고등학교,1,경기고등학교,1
C0506,서초초~ 꼭 뽑아주세요,서초초 꼭,서초초,서초초등학교,1,,0,서초초등학교,1
C0507,우리 학교는 서초중 입니다,우리 학교 서초중,학교 서초중,학교 서초중학교,2,서초중학교,1,서초중학교,1
C0508,서울공고 응원단 여기 있습니다!!,서울공고 응원단 여기,서울공고,서울공고등학교,1,,0,서울공고등학교,1
C0509,축제 뒤풀이 치킨은 인하대부속고로 부탁해요,축제 뒤풀이 치킨 인하대부속고 부탁,인하대부속고,인하대학교사범대학부속고등학교,1,인하대학교사범대학부속고등학교,1,인하대학교사범대학부속고등학교,1
C0510,오늘 회의 많은데 인하대학교부속초등학교 치킨 지원 부탁드려요,오늘 회의 인하대학교부속초등학교 치킨 지원,인하대학교부속초등학교,인하대학교부속초등학교,1,,0,인하대학교부속초등학교,1
C0511,이대부고 치킨 주세요!!,이대부고 치킨,이대부고,이화여자대학교사범대학부속이화금란고등학교,1,이화여자대학교사범대학부속이화금란고등학교,1,이화여자대학교사범대학부속이화금란고등학교,1
C0512,이화여대부속고!!! 치킨 부탁드려요,이화여대부속고 치킨,이화여대부속고,이화여자대학교사범대학부속이화금란고등학교,1,이화여자대학교사범대학부속이화금란고등학교,1,이화여자대학교사범대학부속이화금란고등학교,1
C0513,[인하대부속중] 이벤트 참여합니다,인하대부속중 이벤트 참여,인하대부속중,인하대학교사범대학부속중학교,1,인하대학교사범대학부속중학교,1,인하대학교사범대학부속중학교,1
C0514,서초초.. 오늘만 기다렸어요,서초초 오늘,서초초,서초초등학교,1,,0,서초초등학교,1
C0515,이화여대부속초 회식 대신 치킨 원합니다,이화여대부속초 회식 대신 치킨,이화여대부속초,이화여자대학교사범대학부속초등학교,1,이화여자대학교사범대학부속초등학교,1,이화여자대학교사범대학부속초등학교,1
C0516,오늘 과제 끝낸 잠실중 팀 치킨 가즈아ㅋㅋ,오늘 과제 잠실중 팀 치킨 가즈,잠실중,잠실중학교,1,잠실중학교,1,잠실중학교,1
C0517,고대 학생들 야근 말고 치킨 먹자 🙏,고대 학생들 야근 치킨,고대,고려대학교,1,고려대학교,1,고려대학교,1
C0518,배민 이벤트 참여합니다! 인하대학교부속초등학교로 보내주세요,배민 이벤트 참여 인하대학교부속초등학교,인하대학교부속초등학교,인하대학교부속초등학교,1,,0,인하대학교부속초등학교,1
C0519,[잠실중] 이벤트 참여합니다,잠실중 이벤트 참여,잠실중,잠실중학교,1,잠실중학교,1,잠실중학교,1
C0520,서강대 회식 대신 치킨 원합니다,서강대 회식 대신 치킨,서강대,서강대학교,1,서강대학교,1,서강대학교,1
C0521,배민 최고… 고려대도 꼭 뽑아주세요,배민 최고 고려대 꼭,최고 고려대,최고등학교 고려대학교,2,고려대학교,1,고려대학교,1
C0522,배고픈 이화여대부속고 학생들 살려주세요ㅠㅠ,이화여대부속고 학생들,이화여대부속고,이화여자대학교사범대학부속이화금란고등학교,1,이화여자대학교사범대학부속이화금란고등학교,1,이화여자대학교사범대학부속이화금란고등학교,1
C0523,축제 뒤풀이 치킨은 이대부고로 부탁해요,축제 뒤풀이 치킨 이대부고 부탁,이대부고,이화여자대학교사범대학부속이화금란고등학교,1,이화여자대학교사범대학부속이화금란고등학교,1,이화여자대학교사범대학부속이화금란고등학교,1
C0524,비 오는 날엔 치킨이죠 이화여자대학교부속고등학교 부탁드립니다,비 날 치킨이 이화여자대학교부속고등학교,이화여자대학교부속고등학교,이화여자대학교부속고등학교,1,,0,이화여자대학교부속고등학교,1
C0525,이대부중 축제 준비팀입니다 치킨이면 밤샘 가능,이대부중 축제 준비팀 치킨이면 밤샘 가능,이대부중,이화여자대학교사범대학부속이화·금란중학교,1,이화여자대학교사범대학부속이화·금란중학교,1,이화여자대학교사범대학부속이화·금란중학교,1
C0526,치킨 오면 인증샷 바로 올릴게요 대치초,치킨 인증샷 바로 대치초,대치초,대치초등학교,1,,0,대치초등학교,1
C0527,이대부고 응원단 여기 있습니다!!,이대부고 응원단 여기,이대부고,이화여자대학교사범대학부속이화금란고등학교,1,이화여자대학교사범대학부속이화금란고등학교,1,이화여자대학교사범대학부속이화금란고등학교,1
C0528,#반포초 #배민이벤트,반포초 배민이벤트,반포초,반포초등학교,1,반포초등학교,1,반포초등학교,1
C0529,잠원초 응원단 여기 있습니다!!,잠원초 응원단 여기,잠원초,잠원초등학교,1,잠원초등학교,1,잠원초등학교,1
C0530,서울공업고 친구들이랑 같이 먹고 싶어요,서울공업 친구들이 같이,서울공업고 먹고,서울공업고등학교 먹고등학교,2,서울공업고등학교,1,서울공업고등학교,1
C0531,반포중학교 치킨 배달 부탁드립니다.,반포중학교 치킨 배달,반포중학교,반포중학교,1,반포중학교,1,반포중학교,1
C0532,이번엔 잠원초 차례입니다 🍗,이번 잠원초 차례,잠원초,잠원초등학교,1,잠원초등학교,1,잠원초등학교,1
C0533,한양대 회식 대신 치킨 원합니다,한양대 회식 대신 치킨,한양대,한양대학교,1,한양대학교,1,한양대학교,1
C0534,서울공업고에 치킨 배달 오면 진짜 레전드,서울공업 치킨 배달 진짜 레전드,서울공업고,서울공업고등학교,1,서울공업고등학교,1,서울공업고등학교,1
C0535,이대부초 이대부초 치킨 주세요!,이대부초 치킨,이대부초,이화여자대학교사범대학부속초등학교,1,이화여자대학교사범대학부속초등학교,1,이화여자대학교사범대학부속초등학교,1
C0536,#중앙대 #배민이벤트,중앙대 배민이벤트,중앙대,중앙대학교,1,중앙대학교,1,중앙대학교,1
C0537,이대 / 치킨 / 제발,이대 치킨 제발,이대,이화여자대학교,1,이화여자대학교,1,이화여자대학교,1
C0538,학식 말고 치킨 먹고 싶어요 이화여대,학식 치킨 이화여대,이화여대,이화여자대학교,1,이화여자대학교,1,이화여자대학교,1
C0539,이대부초 친구가 놀러왔지만 치킨은 인하부고로 주세요,이대부초 친구 치킨 인하부고,이대부초 인하부고,이화여자대학교사범대학부속초등학교 인하대학교사범대학부속고등학교,2,이화여자대학교사범대학부속초등학교 인하대학교사범대학부속고등학교,2,이화여자대학교사범대학부속초등학교 인하대학교사범대학부속고등학교,2
C0540,중앙대 뽑히면 친구들이랑 나눠먹을게요,중앙대 친구들이,중앙대,중앙대학교,1,중앙대학교,1,중앙대학교,1
C0541,대치초 학생들 야근 말고 치킨 먹자 🙏,대치초 학생들 야근 치킨,대치초,대치초등학교,1,,0,대치초등학교,1
C0542,대치중에 치킨 배달 오면 진짜 레전드,대치중 치킨 배달 진짜 레전드,대치중,대치중학교,1,대치중학교,1,대치중학교,1
C0543,반포중 학생들 모여라,반포중 학생들,반포중,반포중학교,1,반포중학교,1,반포중학교,1
C0544,동아리방에서 기다릴게요 한양대,동아리방 한양대,한양대,한양대학교,1,한양대학교,1,한양대학교,1
C0545,오늘 과제 끝낸 서초중 팀 치킨 가즈아ㅋㅋ,오늘 과제 서초중 팀 치킨 가즈,서초중,서초중학교,1,서초중학교,1,서초중학교,1
C0546,배민 이벤트 참여합니다! 경기고로 보내주세요,배민 이벤트 참여 경기고로,경기고,경기고등학교,1,경기고등학교,1,경기고등학교,1
C0547,우리 반/동아리 대표로 반포초 신청합니다!,우리 반 동아리 대표 반포초 신청,반포초,반포초등학교,1,반포초등학교,1,반포초등학교,1
C0548,휘문고 가보자고 🍗,휘문고,휘문고,휘문고등학교,1,휘문고등학교,1,휘문고등학교,1
C0549,경기고 치킨 주세요!!,경기 치킨,경기고,경기고등학교,1,경기고등학교,1,경기고등학교,1
C0550,이번엔 이대부고 차례입니다 🍗,이번 이대부고 차례,이대부고,이화여자대학교사범대학부속이화금란고등학교,1,이화여자대학교사범대학부속이화금란고등학교,1,이화여자대학교사범대학부속이화금란고등학교,1
C0551,동아리방에서 기다릴게요 반포중,동아리방 반포중,반포중,반포중학교,1,반포중학교,1,반포중학교,1
C0552,대치초 학생들 모여라,대치초 학생들,대치초,대치초등학교,1,,0,대치초등학교,1
C0553,잠원초 잠원초 치킨 주세요!,잠원초 치킨,잠원초,잠원초등학교,1,잠원초등학교,1,잠원초등학교,1
C0554,오늘 회의 많은데 이대부고 치킨 지원 부탁드려요,오늘 회의 이대부고 치킨 지원,이대부고,이화여자대학교사범대학부속이화금란고등학교,1,이화여자대학교사범대학부속이화금란고등학교,1,이화여자대학교사범대학부속이화금란고등학교,1
C0555,오늘 과제 끝낸 서초초 팀 치킨 가즈아ㅋㅋ,오늘 과제 서초초 팀 치킨 가즈,서초초,서초초등학교,1,,0,서초초등학교,1
C0556,반포중학교 치킨 배달 부탁드립니다.,반포중학교 치킨 배달,반포중학교,반포중학교,1,반포중학교,1,반포중학교,1
C0557,우리 학교는 서초중 입니다,우리 학교 서초중,학교 서초중,학교 서초중학교,2,서초중학교,1,서초중학교,1
C0558,오늘 과제 끝낸 서울고 팀 치킨 가즈아ㅋㅋ,오늘 과제 서울 팀 치킨 가즈,서울고,서울고등학교,1,서울고등학교,1,서울고등학교,1
C0559,동아리방에서 기다릴게요 연세대,동아리방 연세대,연세대,연세대학교,1,연세대학교,1,연세대학교,1
C0560,배민 최고… 대치초도 꼭 뽑아주세요,배민 최고 대치초도 꼭,최고,최고등학교,1,,0,,0
C0561,축제 뒤풀이 치킨은 이대부중로 부탁해요,축제 뒤풀이 치킨 이대부중 부탁,이대부중,이화여자대학교사범대학부속이화·금란중학교,1,이화여자대학교사범대학부속이화·금란중학교,1,이화여자대학교사범대학부속이화·금란중학교,1
C0562,휘문고도 참여 완료!,휘문고 참여 완료,휘문고,휘문고등학교,1,휘문고등학교,1,휘문고등학교,1
C0563,비 오는 날엔 치킨이죠 인하대 부탁드립니다,비 날 치킨이 인하대,인하대,인하대학교,1,인하대학교,1,인하대학교,1
C0564,이대부고 vs 대치초 얘기하다가 결국 이대부고로 참여합니다,이대부고 vs 대치초 얘기 결국 참여,이대부고 대치초,이화여자대학교사범대학부속이화금란고등학교 대치초등학교,2,이화여자대학교사범대학부속이화금란고등학교,1,이화여자대학교사범대학부속이화금란고등학교,1
C0565,인하대부속고!!! 치킨 부탁드려요,인하대부속고 치킨,인하대부속고,인하대학교사범대학부속고등학교,1,인하대학교사범대학부속고등학교,1,인하대학교사범대학부속고등학교,1
C0566,배고픈 서초초 학생들 살려주세요ㅠㅠ,서초초 학생들,서초초,서초초등학교,1,,0,서초초등학교,1
C0567,학식 말고 치킨 먹고 싶어요 이대,학식 치킨 이대,이대,이화여자대학교,1,이화여자대학교,1,이화여자대학교,1
C0568,대치중.. 오늘만 기다렸어요,대치중 오늘,대치중,대치중학교,1,대치중학교,1,대치중학교,1
C0569,동아리방에서 기다릴게요 건국대,동아리방 건국대,건국대,건국대학교,1,건국대학교,1,건국대학교,1
C0570,우리 반/동아리 대표로 대치중 신청합니다!,우리 반 동아리 대표 대치중 신청,대치중,대치중학교,1,대치중학교,1,대치중학교,1
C0571,서 울 대.. 오늘만 기다렸어요,울 오늘,서울대,서울대학교,1,서울대학교,1,서울대학교,1
C0572,중동고 친구랑 서울공업고 친구 같이 보고 있는데 저는 중동고로 신청!,중동고 친구 서울공업 같이 보고 저 신청,중동고 보고,중동고등학교 보고등학교,2,중동고등학교,1,중동고등학교,1
C0573,[인하부고] 이벤트 참여합니다,인하부고 이벤트 참여,인하부고,인하대학교사범대학부속고등학교,1,인하대학교사범대학부속고등학교,1,인하대학교사범대학부속고등학교,1
C0574,배민 이벤트 참여합니다! 대치초로 보내주세요,배민 이벤트 참여 대치초로,대치초,대치초등학교,1,,0,대치초등학교,1
C0575,연세대 치킨 주세요!!,연세대 치킨,연세대,연세대학교,1,연세대학교,1,연세대학교,1
C0576,대치초.. 오늘만 기다렸어요,대치초 오늘,대치초,대치초등학교,1,,0,대치초등학교,1
C0577,배민 최고… 대치중도 꼭 뽑아주세요,배민 최고 대치중도 꼭,최고,최고등학교,1,,0,,0
C0578,이화여대부속고~ 꼭 뽑아주세요,이화여대부속고 꼭,이화여대부속고,이화여자대학교사범대학부속이화금란고등학교,1,이화여자대학교사범대학부속이화금란고등학교,1,이화여자대학교사범대학부속이화금란고등학교,1
C0579,경기고 친구들이랑 같이 먹고 싶어요,경기 친구들이 같이,경기고 먹고,경기고등학교 먹고등학교,2,경기고등학교,1,경기고등학교,1
C0580,배고픈 휘문고 학생들 살려주세요ㅠㅠ,휘문고 학생들,휘문고,휘문고등학교,1,휘문고등학교,1,휘문고등학교,1
C0581,우리 학교는 연세대 입니다,우리 학교 연세대,학교 연세대,학교 연세대학교,2,연세대학교,1,연세대학교,1
C0582,이대부중!!! 치킨 부탁드려요,이대부중 치킨,이대부중,이화여자대학교사범대학부속이화·금란중학교,1,이화여자대학교사범대학부속이화·금란중학교,1,이화여자대학교사범대학부속이화·금란중학교,1
C0583,우리 반/동아리 대표로 이대부고 신청합니다!,우리 반 동아리 대표 이대부고 신청,이대부고,이화여자대학교사범대학부속이화금란고등학교,1,이화여자대학교사범대학부속이화금란고등학교,1,이화여자대학교사범대학부속이화금란고등학교,1
C0584,동아리방에서 기다릴게요 이대부초,동아리방 이대부초,이대부초,이화여자대학교사범대학부속초등학교,1,이화여자대학교사범대학부속초등학교,1,이화여자대학교사범대학부속초등학교,1
C0585,이화여대부속고도 참여 완료!,이화여대부속고 참여 완료,이화여대부속고,이화여자대학교사범대학부속이화금란고등학교,1,이화여자대학교사범대학부속이화금란고등학교,1,이화여자대학교사범대학부속이화금란고등학교,1
C0586,이화여대부속고 친구들이랑 같이 먹고 싶어요,이화여대부속고 친구들이 같이,이화여대부속고,이화여자대학교사범대학부속이화금란고등학교,1,이화여자대학교사범대학부속이화금란고등학교,1,이화여자대학교사범대학부속이화금란고등학교,1
C0587,[잠원초] 이벤트 참여합니다,잠원초 이벤트 참여,잠원초,잠원초등학교,1,잠원초등학교,1,잠원초등학교,1
C0588,오늘 과제 끝낸 고대 팀 치킨 가즈아ㅋㅋ,오늘 과제 고대 팀 치킨 가즈,고대,고려대학교,1,고려대학교,1,고려대학교,1
C0589,배민 이벤트 참여합니다! 인하대로 보내주세요,배민 이벤트 참여 인하대,인하대,인하대학교,1,인하대학교,1,인하대학교,1
C0590,잠실중 축제 준비팀입니다 치킨이면 밤샘 가능,잠실중 축제 준비팀 치킨이면 밤샘 가능,잠실중,잠실중학교,1,잠실중학교,1,잠실중학교,1
C0591,인하대 / 치킨 / 제발,인하대 치킨 제발,인하대,인하대학교,1,인하대학교,1,인하대학교,1
C0592,오늘 회의 많은데 인하대 치킨 지원 부탁드려요,오늘 회의 인하대 치킨 지원,인하대,인하대학교,1,인하대학교,1,인하대학교,1
C0593,시험기간엔 이대 치킨이 답,시험기간 이대 치킨 답,이대,이화여자대학교,1,이화여자대학교,1,이화여자대학교,1
C0594,이대부초.. 오늘만 기다렸어요,이대부초 오늘,이대부초,이화여자대학교사범대학부속초등학교,1,이화여자대학교사범대학부속초등학교,1,이화여자대학교사범대학부속초등학교,1
C0595,오늘은 이화여대부속고! 다시 말해 이화여대부속고!,오늘 이화여대부속고 다시 말,이화여대부속고,이화여자대학교사범대학부속이화금란고등학교,1,이화여자대학교사범대학부속이화금란고등학교,1,이화여자대학교사범대학부속이화금란고등학교,1
C0596,치킨 오면 인증샷 바로 올릴게요 이화여대부속초,치킨 인증샷 바로 이화여대부속초,이화여대부속초,이화여자대학교사범대학부속초등학교,1,이화여자대학교사범대학부속초등학교,1,이화여자대학교사범대학부속초등학교,1
C0597,인하대부속고  치킨  가즈아,인하대부속고 치킨 가즈,인하대부속고,인하대학교사범대학부속고등학교,1,인하대학교사범대학부속고등학교,1,인하대학교사범대학부속고등학교,1
C0598,배고픈 경기고 학생들 살려주세요ㅠㅠ,경기 학생들,배고 경기고,배고등학교 경기고등학교,2,경기고등학교,1,경기고등학교,1
C0599,학식 말고 치킨 먹고 싶어요 서울고,학식 치킨 서울,말고 먹고 서울고,말고등학교 먹고등학교 서울고등학교,3,서울고등학교,1,서울고등학교,1
C0600,건국대 vs 잠원초 얘기하다가 결국 건국대로 참여합니다,건국대 vs 잠원초 얘기 결국 참여,건국대 잠원초,건국대학교 잠원초등학교,2,건국대학교 잠원초등학교,2,건국대학교 잠원초등학교,2
C0601,건국대 뽑히면 친구들이랑 나눠먹을게요,건국대 친구들이,건국대,건국대학교,1,건국대학교,1,건국대학교,1
C0602,이화여대부속고 회식 대신 치킨 원합니다,이화여대부속고 회식 대신 치킨,이화여대부속고,이화여자대학교사범대학부속이화금란고등학교,1,이화여자대학교사범대학부속이화금란고등학교,1,이화여자대학교사범대학부속이화금란고등학교,1
C0603,인하대부속중 학생들 야근 말고 치킨 먹자 🙏,인하대부속중 학생들 야근 치킨,인하대부속중,인하대학교사범대학부속중학교,1,인하대학교사범대학부속중학교,1,인하대학교사범대학부속중학교,1
C0604,축제 뒤풀이 치킨은 성대로 부탁해요,축제 뒤풀이 치킨 성대 부탁,성대,성균관대학교,1,성균관대학교,1,성균관대학교,1
C0605,건대 뽑히면 친구들이랑 나눠먹을게요,건대 친구들이,건대,건국대학교,1,건국대학교,1,건국대학교,1
C0606,인하부고ㅋㅋ 치킨 기다립니다,인하부고 치킨,인하부고,인하대학교사범대학부속고등학교,1,인하대학교사범대학부속고등학교,1,인하대학교사범대학부속고등학교,1
C0607,서울공업고에 치킨 배달 오면 진짜 레전드,서울공업 치킨 배달 진짜 레전드,서울공업고,서울공업고등학교,1,서울공업고등학교,1,서울공업고등학교,1
C0608,한양대 vs 중앙대 얘기하다가 결국 한양대로 참여합니다,한양대 vs 중앙대 얘기 결국 참여,한양대 중앙대,한양대학교 중앙대학교,2,한양대학교 중앙대학교,2,한양대학교 중앙대학교,2
C0609,인하대부속초에 치킨 배달 오면 진짜 레전드,인하대부속초 치킨 배달 진짜 레전드,인하대부속초,인하대부속초등학교,1,,0,인하대학교부속초등학교,1
C0610,#서 초 중 #배민이벤트,초 중 배민이벤트,초 중,초등학교 중학교,2,초등학교,1,초등학교,1
C0611,#휘 문 고 #배민이벤트,휘 문 고 배민이벤트,고,고등학교,1,,0,,0
C0612,축제 뒤풀이 치킨은 중동고로 부탁해요,축제 뒤풀이 치킨 중동고 부탁,중동고,중동고등학교,1,중동고등학교,1,중동고등학교,1
C0613,배민 최고… 인하대도 꼭 뽑아주세요,배민 최고 인하대 꼭,최고 인하대,최고등학교 인하대학교,2,인하대학교,1,인하대학교,1
C0614,우리 반/동아리 대표로 반포중 신청합니다!,우리 반 동아리 대표 반포중 신청,반포중,반포중학교,1,반포중학교,1,반포중학교,1
C0615,이번엔 대치초 차례입니다 🍗,이번 대치초 차례,대치초,대치초등학교,1,,0,대치초등학교,1
C0616,중간고사 버틴 이화여대부속중 친구들한테 치킨 한 번만요,중간고사 이화여대부속중 친구들 치킨 번만,이화여대부속중,이화여자대학교사범대학부속이화·금란중학교,1,이화여자대학교사범대학부속이화·금란중학교,1,이화여자대학교사범대학부속이화·금란중학교,1
C0617,연대 응원단 여기 있습니다!!,연대 응원단 여기,연대,연세대학교,1,연세대학교,1,연세대학교,1
C0618,서울고 치킨 주세요!!,서울 치킨,서울고,서울고등학교,1,서울고등학교,1,서울고등학교,1
C0619,잠원초 / 치킨 / 제발,잠원초 치킨 제발,잠원초,잠원초등학교,1,잠원초등학교,1,잠원초등학교,1
C0620,동아리방에서 기다릴게요 이대부초,동아리방 이대부초,이대부초,이화여자대학교사범대학부속초등학교,1,이화여자대학교사범대학부속초등학교,1,이화여자대학교사범대학부속초등학교,1
C0621,배민 이벤트 참여합니다! 고대로 보내주세요,배민 이벤트 참여 고대로,고대,고려대학교,1,고려대학교,1,고려대학교,1
C0622,휘문고 친구랑 중앙대 친구 같이 보고 있는데 저는 휘문고로 신청!,휘문고 친구 중앙대 같이 보고 저 신청,휘문고 중앙대 보고,휘문고등학교 중앙대학교 보고등학교,3,휘문고등학교 중앙대학교,2,휘문고등학교 중앙대학교,2
C0623,#인하부중 #배민이벤트,인하부중 배민이벤트,인하부중,인하대학교사범대학부속중학교,1,인하대학교사범대학부속중학교,1,인하대학교사범대학부속중학교,1
C0624,인하대부속고 학생들 야근 말고 치킨 먹자 🙏,인하대부속고 학생들 야근 치킨,인하대부속고,인하대학교사범대학부속고등학교,1,인하대학교사범대학부속고등학교,1,인하대학교사범대학부속고등학교,1
C0625,경기고 친구들이랑 같이 먹고 싶어요,경기 친구들이 같이,경기고 먹고,경기고등학교 먹고등학교,2,경기고등학교,1,경기고등학교,1
C0626,치킨 오면 인증샷 바로 올릴게요 이화여대부속고,치킨 인증샷 바로 이화여대부속고,이화여대부속고,이화여자대학교사범대학부속이화금란고등학교,1,이화여자대학교사범대학부속이화금란고등학교,1,이화여자대학교사범대학부속이화금란고등학교,1
C0627,이번엔 이화여대부속중 차례입니다 🍗,이번 이화여대부속중 차례,이화여대부속중,이화여자대학교사범대학부속이화·금란중학교,1,이화여자대학교사범대학부속이화·금란중학교,1,이화여자대학교사범대학부속이화·금란중학교,1
C0628,[서강대] 이벤트 참여합니다,서강대 이벤트 참여,서강대,서강대학교,1,서강대학교,1,서강대학교,1
C0629,시험기간엔 잠실중 치킨이 답,시험기간 잠실중 치킨 답,잠실중,잠실중학교,1,잠실중학교,1,잠실중학교,1
C0630,우리 학교는 이화여대 입니다,우리 학교 이화여대,학교 이화여대,학교 이화여자대학교,2,이화여자대학교,1,이화여자대학교,1
C0631,건국대 가보자고 🍗,건국대,건국대,건국대학교,1,건국대학교,1,건국대학교,1
C0632,오늘 회의 많은데 이화여대부속중 치킨 지원 부탁드려요,오늘 회의 이화여대부속중 치킨 지원,이화여대부속중,이화여자대학교사범대학부속이화·금란중학교,1,이화여자대학교사범대학부속이화·금란중학교,1,이화여자대학교사범대학부속이화·금란중학교,1
C0633,서초중ㅋㅋ 치킨 기다립니다,서초중 치킨,서초중,서초중학교,1,서초중학교,1,서초중학교,1
C0634,이대 이대 치킨 주세요!,이대 치킨,이대,이화여자대학교,1,이화여자대학교,1,이화여자대학교,1
C0635,축제 뒤풀이 치킨은 서초초로 부탁해요,축제 뒤풀이 치킨 서초초로 부탁,서초,서초등학교,1,,0,서초초등학교,1
C0636,서초중~ 꼭 뽑아주세요,서초중 꼭,서초중,서초중학교,1,서초중학교,1,서초중학교,1
C0637,잠실중 친구들이랑 같이 먹고 싶어요,잠실중 친구들이 같이,잠실중,잠실중학교,1,잠실중학교,1,잠실중학교,1
C0638,휘문고 학생들 야근 말고 치킨 먹자 🙏,휘문고 학생들 야근 치킨,휘문고,휘문고등학교,1,휘문고등학교,1,휘문고등학교,1
C0639,축제 뒤풀이 치킨은 이화여대부속중로 부탁해요,축제 뒤풀이 치킨 이화여대부속중 부탁,이화여대부속중,이화여자대학교사범대학부속이화·금란중학교,1,이화여자대학교사범대학부속이화·금란중학교,1,이화여자대학교사범대학부속이화·금란중학교,1
C0640,배민 이벤트 참여합니다! 이대부초로 보내주세요,배민 이벤트 참여 이대부초,이대부초,이화여자대학교사범대학부속초등학교,1,이화여자대학교사범대학부속초등학교,1,이화여자대학교사범대학부속초등학교,1
C0641,인하대부속초!!! 치킨 부탁드려요,인하대부속초 치킨,인하대부속초,인하대부속초등학교,1,,0,인하대학교부속초등학교,1
C0642,서울고~ 꼭 뽑아주세요,서울 꼭,서울고,서울고등학교,1,서울고등학교,1,서울고등학교,1
C0643,서울고 친구들이랑 같이 먹고 싶어요,서울 친구들이 같이,서울고 먹고,서울고등학교 먹고등학교,2,서울고등학교,1,서울고등학교,1
C0644,고대 치킨 주세요!!,고대 치킨,고대,고려대학교,1,고려대학교,1,고려대학교,1
C0645,오늘 회의 많은데 이화여자대학교부속고등학교 치킨 지원 부탁드려요,오늘 회의 이화여자대학교부속고등학교 치킨 지원,이화여자대학교부속고등학교,이화여자대학교부속고등학교,1,,0,이화여자대학교부속고등학교,1
C0646,서울고ㅋㅋ 치킨 기다립니다,서울 치킨,서울고,서울고등학교,1,서울고등학교,1,서울고등학교,1
C0647,건국대 vs 대치초 얘기하다가 결국 건국대로 참여합니다,건국대 vs 대치초 얘기 결국 참여,건국대 대치초,건국대학교 대치초등학교,2,건국대학교,1,건국대학교,1
C0648,배고픈 연대 학생들 살려주세요ㅠㅠ,연대 학생들,연대,연세대학교,1,연세대학교,1,연세대학교,1
C0649,오늘 과제 끝낸 반포초 팀 치킨 가즈아ㅋㅋ,오늘 과제 반포초 팀 치킨 가즈,반포초,반포초등학교,1,반포초등학교,1,반포초등학교,1
C0650,우리 반/동아리 대표로 이대부중 신청합니다!,우리 반 동아리 대표 이대부중 신청,이대부중,이화여자대학교사범대학부속이화·금란중학교,1,이화여자대학교사범대학부속이화·금란중학교,1,이화여자대학교사범대학부속이화·금란중학교,1
C0651,중간고사 버틴 서울공고 친구들한테 치킨 한 번만요,중간고사 서울공고 친구들 치킨 번만,서울공고,서울공고등학교,1,,0,서울공고등학교,1
C0652,성대 뽑히면 친구들이랑 나눠먹을게요,성대 친구들이,성대,성균관대학교,1,성균관대학교,1,성균관대학교,1
C0653,경기고 vs 서강대 얘기하다가 결국 경기고로 참여합니다,경기 vs 서강대 얘기 결국 경기고로 참여,서강대,서강대학교,1,서강대학교,1,서강대학교,1
C0654,배고픈 대치중 학생들 살려주세요ㅠㅠ,대치중 학생들,대치중,대치중학교,1,대치중학교,1,대치중학교,1
C0655,중앙대!!! 치킨 부탁드려요,중앙대 치킨,중앙대,중앙대학교,1,중앙대학교,1,중앙대학교,1
C0656,서울고 친구가 놀러왔지만 치킨은 서울대로 주세요,서울 친구 치킨 서울대,서울대,서울대학교,1,서울대학교,1,서울대학교,1
C0657,인하대부속중 학생들 야근 말고 치킨 먹자 🙏,인하대부속중 학생들 야근 치킨,인하대부속중,인하대학교사범대학부속중학교,1,인하대학교사범대학부속중학교,1,인하대학교사범대학부속중학교,1
C0658,비 오는 날엔 치킨이죠 서초초 부탁드립니다,비 날 치킨이 서초초,서초초,서초초등학교,1,,0,서초초등학교,1
C0659,잠원초 vs 인하대부속중 얘기하다가 결국 잠원초로 참여합니다,잠원초 vs 인하대부속중 얘기 결국 잠원초로 참여,잠원초 인하대부속중,잠원초등학교 인하대학교사범대학부속중학교,2,잠원초등학교 인하대학교사범대학부속중학교,2,잠원초등학교 인하대학교사범대학부속중학교,2
C0660,휘문고 가보자고 🍗,휘문고,휘문고,휘문고등학교,1,휘문고등학교,1,휘문고등학교,1
C0661,중간고사 버틴 이화여대부속중 친구들한테 치킨 한 번만요,중간고사 이화여대부속중 친구들 치킨 번만,이화여대부속중,이화여자대학교사범대학부속이화·금란중학교,1,이화여자대학교사범대학부속이화·금란중학교,1,이화여자대학교사범대학부속이화·금란중학교,1
C0662,휘문고 회식 대신 치킨 원합니다,휘문고 회식 대신 치킨,휘문고,휘문고등학교,1,휘문고등학교,1,휘문고등학교,1
C0663,오늘 과제 끝낸 중앙대 팀 치킨 가즈아ㅋㅋ,오늘 과제 중앙대 팀 치킨 가즈,중앙대,중앙대학교,1,중앙대학교,1,중앙대학교,1
C0664,중간고사 버틴 이대 친구들한테 치킨 한 번만요,중간고사 이대 친구들 치킨 번만,이대,이화여자대학교,1,이화여자대학교,1,이화여자대학교,1
C0665,연대 가보자고 🍗,연대,연대,연세대학교,1,연세대학교,1,연세대학교,1
C0666,학식 말고 치킨 먹고 싶어요 대치초,학식 치킨 대치초,대치초,대치초등학교,1,,0,대치초등학교,1
C0667,서울공고 학생들 모여라,서울공고 학생들,서울공고,서울공고등학교,1,,0,서울공고등학교,1
C0668,우리 학교는 이대부초 입니다,우리 학교 이대부초,학교 이대부초,학교 이화여자대학교사범대학부속초등학교,2,이화여자대학교사범대학부속초등학교,1,이화여자대학교사범대학부속초등학교,1
C0669,배고픈 서초초 학생들 살려주세요ㅠㅠ,서초초 학생들,서초초,서초초등학교,1,,0,서초초등학교,1
C0670,중동고도 참여 완료!,중동고 참여 완료,중동고,중동고등학교,1,중동고등학교,1,중동고등학교,1
C0671,서초초 학생들 야근 말고 치킨 먹자 🙏,서초초 학생들 야근 치킨,서초초,서초초등학교,1,,0,서초초등학교,1
C0672,서초중 축제 준비팀입니다 치킨이면 밤샘 가능,서초중 축제 준비팀 치킨이면 밤샘 가능,서초중,서초중학교,1,서초중학교,1,서초중학교,1
C0673,중동고 / 치킨 / 제발,중동고 치킨 제발,중동고,중동고등학교,1,중동고등학교,1,중동고등학교,1
C0674,서울대 치킨 주세요!!,서울대 치킨,서울대,서울대학교,1,서울대학교,1,서울대학교,1
C0675,우리 학교는 이화여대부속고 입니다,우리 학교 이화여대부속고,학교 이화여대부속고,학교 이화여자대학교사범대학부속이화금란고등학교,2,이화여자대학교사범대학부속이화금란고등학교,1,이화여자대학교사범대학부속이화금란고등학교,1
C0676,오늘 회의 많은데 서울공고 치킨 지원 부탁드려요,오늘 회의 서울공고 치킨 지원,서울공고,서울공고등학교,1,,0,서울공고등학교,1
C0677,학식 말고 치킨 먹고 싶어요 이대부중,학식 치킨 이대부중,이대부중,이화여자대학교사범대학부속이화·금란중학교,1,이화여자대학교사범대학부속이화·금란중학교,1,이화여자대학교사범대학부속이화·금란중학교,1
C0678,우리 학교는 서초초 입니다,우리 학교 서초초,학교 서초초,학교 서초초등학교,2,,0,서초초등학교,1
C0679,건대 응원단 여기 있습니다!!,건대 응원단 여기,건대,건국대학교,1,건국대학교,1,건국대학교,1
C0680,반포중도 참여 완료!,반포중도 참여 완료,반포중,반포중학교,1,반포중학교,1,반포중학교,1
C0681,배민 이벤트 참여합니다! 인하대학교부속초등학교로 보내주세요,배민 이벤트 참여 인하대학교부속초등학교,인하대학교부속초등학교,인하대학교부속초등학교,1,,0,인하대학교부속초등학교,1
C0682,서초중 학생들 야근 말고 치킨 먹자 🙏,서초중 학생들 야근 치킨,서초중,서초중학교,1,서초중학교,1,서초중학교,1
C0683,잠원초등학교 치킨 배달 부탁드립니다.,잠원초등학교 치킨 배달,잠원초등학교,잠원초등학교,1,잠원초등학교,1,잠원초등학교,1
C0684,학식 말고 치킨 먹고 싶어요 대치중,학식 치킨 대치중,대치중,대치중학교,1,대치중학교,1,대치중학교,1
C0685,서울대도 참여 완료!,서울대 참여 완료,서울대,서울대학교,1,서울대학교,1,서울대학교,1
C0686,오늘 회의 많은데 휘문고 치킨 지원 부탁드려요,오늘 회의 휘문고 치킨 지원,휘문고,휘문고등학교,1,휘문고등학교,1,휘문고등학교,1
C0687,이화여대부속중 / 치킨 / 제발,이화여대부속중 치킨 제발,이화여대부속중,이화여자대학교사범대학부속이화·금란중학교,1,이화여자대학교사범대학부속이화·금란중학교,1,이화여자대학교사범대학부속이화·금란중학교,1
C0688,이화여대부속고 동아리랑 성균관대 동아리 같이 응원하지만 대표는 이화여대부속고,이화여대부속고 동아리 성균관대 같이 응원하지 대표,이화여대부속고 성균관대,이화여자대학교사범대학부속이화금란고등학교 성균관대학교,2,이화여자대학교사범대학부속이화금란고등학교 성균관대학교,2,이화여자대학교사범대학부속이화금란고등학교 성균관대학교,2
C0689,인하부초 친구들이랑 같이 먹고 싶어요,인하부초 친구들이 같이,인하부초,인하부초등학교,1,,0,인하부초등학교,1
C0690,배민 최고… 서초초도 꼭 뽑아주세요,배민 최고 서초초도 꼭,최고,최고등학교,1,,0,,0
C0691,동아리방에서 기다릴게요 이대부중,동아리방 이대부중,이대부중,이화여자대학교사범대학부속이화·금란중학교,1,이화여자대학교사범대학부속이화·금란중학교,1,이화여자대학교사범대학부속이화·금란중학교,1
C0692,서울공업고 동아리랑 인하부중 동아리 같이 응원하지만 대표는 서울공업고,서울공업 동아리 인하부중 같이 응원하지 대표,인하부중,인하대학교사범대학부속중학교,1,인하대학교사범대학부속중학교,1,인하대학교사범대학부속중학교,1
C0693,인하대부속중.. 오늘만 기다렸어요,인하대부속중 오늘,인하대부속중,인하대학교사범대학부속중학교,1,인하대학교사범대학부속중학교,1,인하대학교사범대학부속중학교,1
C0694,중간고사 버틴 인하대부속중 친구들한테 치킨 한 번만요,중간고사 인하대부속중 친구들 치킨 번만,인하대부속중,인하대학교사범대학부속중학교,1,인하대학교사범대학부속중학교,1,인하대학교사범대학부속중학교,1
C0695,비 오는 날엔 치킨이죠 경기고 부탁드립니다,비 날 치킨이 경기,경기고,경기고등학교,1,경기고등학교,1,경기고등학교,1
C0696,배민 최고… 잠실중도 꼭 뽑아주세요,배민 최고 잠실중도 꼭,최고,최고등학교,1,,0,,0
C0697,오늘 과제 끝낸 이화여대부속중 팀 치킨 가즈아ㅋㅋ,오늘 과제 이화여대부속중 팀 치킨 가즈,이화여대부속중,이화여자대학교사범대학부속이화·금란중학교,1,이화여자대학교사범대학부속이화·금란중학교,1,이화여자대학교사범대학부속이화·금란중학교,1
C0698,중간고사 버틴 반포초 친구들한테 치킨 한 번만요,중간고사 반포초 친구들 치킨 번만,반포초,반포초등학교,1,반포초등학교,1,반포초등학교,1
C0699,오늘 회의 많은데 고대 치킨 지원 부탁드려요,오늘 회의 고대 치킨 지원,고대,고려대학교,1,고려대학교,1,고려대학교,1
C0700,축제 뒤풀이 치킨은 잠원초로 부탁해요,축제 뒤풀이 치킨 잠원초로 부탁,잠원초,잠원초등학교,1,잠원초등학교,1,잠원초등학교,1
C0701,오늘 과제 끝낸 연세대 팀 치킨 가즈아ㅋㅋ,오늘 과제 연세대 팀 치킨 가즈,연세대,연세대학교,1,연세대학교,1,연세대학교,1
C0702,성대 학생입니다 성대 뽑아주세요,성대 학생,성대,성균관대학교,1,성균관대학교,1,성균관대학교,1
C0703,우리 학교는 대치중 입니다,우리 학교 대치중,학교 대치중,학교 대치중학교,2,대치중학교,1,대치중학교,1
C0704,#서 울 고 #배민이벤트,울 고 배민이벤트,고,고등학교,1,,0,,0
C0705,연세대 뽑히면 친구들이랑 나눠먹을게요,연세대 친구들이,연세대,연세대학교,1,연세대학교,1,연세대학교,1
C0706,이 대 부 초 / 치킨 / 제발,이 부 초 치킨 제발,초,초등학교,1,초등학교,1,초등학교,1
C0707,연세대  치킨  가즈아,연세대 치킨 가즈,연세대,연세대학교,1,연세대학교,1,연세대학교,1
C0708,잠원초 회식 대신 치킨 원합니다,잠원초 회식 대신 치킨,잠원초,잠원초등학교,1,잠원초등학교,1,잠원초등학교,1
C0709,오늘 과제 끝낸 반포중 팀 치킨 가즈아ㅋㅋ,오늘 과제 반포중 팀 치킨 가즈,반포중,반포중학교,1,반포중학교,1,반포중학교,1
C0710,#이대 #배민이벤트,이대 배민이벤트,이대,이화여자대학교,1,이화여자대학교,1,이화여자대학교,1
C0711,배민 이벤트 참여합니다! 인하대로 보내주세요,배민 이벤트 참여 인하대,인하대,인하대학교,1,인하대학교,1,인하대학교,1
C0712,고대 학생들 모여라,고대 학생들,고대,고려대학교,1,고려대학교,1,고려대학교,1
C0713,#서강대 #배민이벤트,서강대 배민이벤트,서강대,서강대학교,1,서강대학교,1,서강대학교,1
C0714,서초초ㅋㅋ 치킨 기다립니다,서초초 치킨,서초초,서초초등학교,1,,0,서초초등학교,1
C0715,중동고 학생입니다 중동고 뽑아주세요,중동고 학생,중동고,중동고등학교,1,중동고등학교,1,중동고등학교,1
C0716,학식 말고 치킨 먹고 싶어요 인하대,학식 치킨 인하대,인하대,인하대학교,1,인하대학교,1,인하대학교,1
C0717,서울고  치킨  가즈아,서울 치킨 가즈,서울고,서울고등학교,1,서울고등학교,1,서울고등학교,1
C0718,반포중 친구랑 한양대 친구 같이 보고 있는데 저는 반포중로 신청!,반포중 친구 한양대 같이 보고 저 신청,반포중 한양대 보고,반포중학교 한양대학교 보고등학교,3,반포중학교 한양대학교,2,반포중학교 한양대학교,2
C0719,배민 이벤트 참여합니다! 반포초로 보내주세요,배민 이벤트 참여 반포초로,반포초,반포초등학교,1,반포초등학교,1,반포초등학교,1
C0720,이대부초에 치킨 배달 오면 진짜 레전드,이대부초 치킨 배달 진짜 레전드,이대부초,이화여자대학교사범대학부속초등학교,1,이화여자대학교사범대학부속초등학교,1,이화여자대학교사범대학부속초등학교,1
C0721,#중 앙 대 #배민이벤트,중 앙 배민이벤트,중,중학교,1,,0,,0
C0722,이화여대부속고 회식 대신 치킨 원합니다,이화여대부속고 회식 대신 치킨,이화여대부속고,이화여자대학교사범대학부속이화금란고등학교,1,이화여자대학교사범대학부속이화금란고등학교,1,이화여자대학교사범대학부속이화금란고등학교,1
C0723,치킨 오면 인증샷 바로 올릴게요 중동고,치킨 인증샷 바로 중동고,중동고,중동고등학교,1,중동고등학교,1,중동고등학교,1
C0724,서울공고 친구들이랑 같이 먹고 싶어요,서울공고 친구들이 같이,서울공고,서울공고등학교,1,,0,서울공고등학교,1
C0725,동아리방에서 기다릴게요 한양대,동아리방 한양대,한양대,한양대학교,1,한양대학교,1,한양대학교,1
C0726,서강대 vs 반포초 얘기하다가 결국 서강대로 참여합니다,서강대 vs 반포초 얘기 결국 참여,서강대 반포초,서강대학교 반포초등학교,2,서강대학교 반포초등학교,2,서강대학교 반포초등학교,2
C0727,고대!!! 치킨 부탁드려요,고대 치킨,고대,고려대학교,1,고려대학교,1,고려대학교,1
C0728,오늘 회의 많은데 잠실중 치킨 지원 부탁드려요,오늘 회의 잠실중 치킨 지원,잠실중,잠실중학교,1,잠실중학교,1,잠실중학교,1
C0729,배고픈 이화여자대학교부속고등학교 학생들 살려주세요ㅠㅠ,이화여자대학교부속고등학교 학생들,이화여자대학교부속고등학교,이화여자대학교부속고등학교,1,,0,이화여자대학교부속고등학교,1
C0730,중앙대 학생들 모여라,중앙대 학생들,중앙대,중앙대학교,1,중앙대학교,1,중앙대학교,1
C0731,[이화여대부속중] 이벤트 참여합니다,이화여대부속중 이벤트 참여,이화여대부속중,이화여자대학교사범대학부속이화·금란중학교,1,이화여자대학교사범대학부속이화·금란중학교,1,이화여자대학교사범대학부속이화·금란중학교,1
C0732,서울공업고 뽑히면 친구들이랑 나눠먹을게요,서울공업 친구들이,서울공업고,서울공업고등학교,1,서울공업고등학교,1,서울공업고등학교,1
C0733,고대!!! 치킨 부탁드려요,고대 치킨,고대,고려대학교,1,고려대학교,1,고려대학교,1
C0734,중간고사 버틴 잠실중 친구들한테 치킨 한 번만요,중간고사 잠실중 친구들 치킨 번만,잠실중,잠실중학교,1,잠실중학교,1,잠실중학교,1
C0735,건대 동아리랑 중동고 동아리 같이 응원하지만 대표는 건대,건대 동아리 중동고 같이 응원하지 대표,건대 중동고,건국대학교 중동고등학교,2,건국대학교 중동고등학교,2,건국대학교 중동고등학교,2
C0736,오늘은 인하부중! 다시 말해 인하부중!,오늘 인하부중 다시 말,인하부중,인하대학교사범대학부속중학교,1,인하대학교사범대학부속중학교,1,인하대학교사범대학부속중학교,1
C0737,건 국 대.. 오늘만 기다렸어요,건 국 오늘,건국대,건국대학교,1,건국대학교,1,건국대학교,1
C0738,인하대학교사범대학부속고등학교 학생입니다. 이벤트 참여합니다.,인하대학교사범대학부속고등학교 학생 이벤트 참여,인하대학교사범대학부속고등학교,인하대학교사범대학부속고등학교,1,인하대학교사범대학부속고등학교,1,인하대학교사범대학부속고등학교,1
C0739,오늘 회의 많은데 서강대 치킨 지원 부탁드려요,오늘 회의 서강대 치킨 지원,서강대,서강대학교,1,서강대학교,1,서강대학교,1
C0740,인하대부속중 친구랑 반포중 친구 같이 보고 있는데 저는 인하대부속중로 신청!,인하대부속중 친구 반포중 같이 보고 저 신청,인하대부속중 반포중 보고,인하대학교사범대학부속중학교 반포중학교 보고등학교,3,인하대학교사범대학부속중학교 반포중학교,2,인하대학교사범대학부속중학교 반포중학교,2
C0741,대치초 친구들이랑 같이 먹고 싶어요,대치초 친구들이 같이,대치초,대치초등학교,1,,0,대치초등학교,1
C0742,중앙대 vs 서울공업고 얘기하다가 결국 중앙대로 참여합니다,중앙대 vs 서울공업 얘기 결국 참여,중앙대,중앙대학교,1,중앙대학교,1,중앙대학교,1
C0743,인하대부속중.. 오늘만 기다렸어요,인하대부속중 오늘,인하대부속중,인하대학교사범대학부속중학교,1,인하대학교사범대학부속중학교,1,인하대학교사범대학부속중학교,1
C0744,이대부중~ 꼭 뽑아주세요,이대부중 꼭,이대부중,이화여자대학교사범대학부속이화·금란중학교,1,이화여자대학교사범대학부속이화·금란중학교,1,이화여자대학교사범대학부속이화·금란중학교,1
C0745,이대부중에 치킨 배달 오면 진짜 레전드,이대부중 치킨 배달 진짜 레전드,이대부중,이화여자대학교사범대학부속이화·금란중학교,1,이화여자대학교사범대학부속이화·금란중학교,1,이화여자대학교사범대학부속이화·금란중학교,1
C0746,서울공고 친구랑 이대 친구 같이 보고 있는데 저는 서울공고로 신청!,서울공고 친구 이대 같이 보고 저 신청,서울공고 이대 보고,서울공고등학교 이화여자대학교 보고등학교,3,이화여자대학교,1,이화여자대학교,1
C0747,이화여대 친구가 놀러왔지만 치킨은 이대부중로 주세요,이화여대 친구 치킨 이대부중,이화여대 이대부중,이화여자대학교 이화여자대학교사범대학부속이화·금란중학교,2,이화여자대학교 이화여자대학교사범대학부속이화·금란중학교,2,이화여자대학교 이화여자대학교사범대학부속이화·금란중학교,2
C0748,서초초 축제 준비팀입니다 치킨이면 밤샘 가능,서초초 축제 준비팀 치킨이면 밤샘 가능,서초초,서초초등학교,1,,0,서초초등학교,1
C0749,서울대 뽑히면 친구들이랑 나눠먹을게요,서울대 친구들이,서울대,서울대학교,1,서울대학교,1,서울대학교,1
C0750,학식 말고 치킨 먹고 싶어요 인하대,학식 치킨 인하대,인하대,인하대학교,1,인하대학교,1,인하대학교,1
C0751,배고픈 서울고 학생들 살려주세요ㅠㅠ,서울 학생들,배고 서울고,배고등학교 서울고등학교,2,서울고등학교,1,서울고등학교,1
C0752,서울대 응원단 여기 있습니다!!,서울대 응원단 여기,서울대,서울대학교,1,서울대학교,1,서울대학교,1
C0753,오늘 회의 많은데 인하대부속초 치킨 지원 부탁드려요,오늘 회의 인하대부속초 치킨 지원,인하대부속초,인하대부속초등학교,1,,0,인하대학교부속초등학교,1
C0754,배민 최고… 이대도 꼭 뽑아주세요,배민 최고 이대 꼭,최고 이대,최고등학교 이화여자대학교,2,이화여자대학교,1,이화여자대학교,1
C0755,대치중~ 꼭 뽑아주세요,대치중 꼭,대치중,대치중학교,1,대치중학교,1,대치중학교,1
C0756,우리 학교는 서울공업고 입니다,우리 학교 서울공업,학교,학교,1,,0,,0
C0757,중앙대 친구가 놀러왔지만 치킨은 서울대로 주세요,중앙대 친구 치킨 서울대,중앙대 서울대,중앙대학교 서울대학교,2,중앙대학교 서울대학교,2,중앙대학교 서울대학교,2
C0758,서강대 응원단 여기 있습니다!!,서강대 응원단 여기,서강대,서강대학교,1,서강대학교,1,서강대학교,1
C0759,동아리방에서 기다릴게요 연대,동아리방 연대,연대,연세대학교,1,연세대학교,1,연세대학교,1
C0760,학식 말고 치킨 먹고 싶어요 휘문고,학식 치킨 휘문고,휘문고,휘문고등학교,1,휘문고등학교,1,휘문고등학교,1
C0761,서울고 뽑히면 친구들이랑 나눠먹을게요,서울 친구들이,서울고,서울고등학교,1,서울고등학교,1,서울고등학교,1
C0762,동아리방에서 기다릴게요 이대부중,동아리방 이대부중,이대부중,이화여자대학교사범대학부속이화·금란중학교,1,이화여자대학교사범대학부속이화·금란중학교,1,이화여자대학교사범대학부속이화·금란중학교,1
C0763,한양대 친구가 놀러왔지만 치킨은 성균관대로 주세요,한양대 친구 치킨 성균관대,한양대 성균관대,한양대학교 성균관대학교,2,한양대학교 성균관대학교,2,한양대학교 성균관대학교,2
C0764,서강대 학생들 모여라,서강대 학생들,서강대,서강대학교,1,서강대학교,1,서강대학교,1
C0765,중간고사 버틴 인하대부속초 친구들한테 치킨 한 번만요,중간고사 인하대부속초 친구들 치킨 번만,인하대부속초,인하대부속초등학교,1,,0,인하대학교부속초등학교,1
C0766,잠실중  치킨  가즈아,잠실중 치킨 가즈,잠실중,잠실중학교,1,잠실중학교,1,잠실중학교,1
C0767,이화여대부속고 친구들이랑 같이 먹고 싶어요,이화여대부속고 친구들이 같이,이화여대부속고,이화여자대학교사범대학부속이화금란고등학교,1,이화여자대학교사범대학부속이화금란고등학교,1,이화여자대학교사범대학부속이화금란고등학교,1
C0768,서초초 치킨 주세요!!,서초초 치킨,서초초,서초초등학교,1,,0,서초초등학교,1
C0769,서강대 가보자고 🍗,서강대,서강대,서강대학교,1,서강대학교,1,서강대학교,1
C0770,오늘 과제 끝낸 인하대학교부속초등학교 팀 치킨 가즈아ㅋㅋ,오늘 과제 인하대학교부속초등학교 팀 치킨 가즈,인하대학교부속초등학교,인하대학교부속초등학교,1,,0,인하대학교부속초등학교,1
C0771,축제 뒤풀이 치킨은 잠실중로 부탁해요,축제 뒤풀이 치킨 잠실중 부탁,잠실중,잠실중학교,1,잠실중학교,1,잠실중학교,1
C0772,휘문고 뽑히면 친구들이랑 나눠먹을게요,휘문고 친구들이,휘문고,휘문고등학교,1,휘문고등학교,1,휘문고등학교,1
C0773,축제 뒤풀이 치킨은 서울고로 부탁해요,축제 뒤풀이 치킨 서울고로 부탁,서울고,서울고등학교,1,서울고등학교,1,서울고등학교,1
C0774,이대부중 가보자고 🍗,이대부중,이대부중,이화여자대학교사범대학부속이화·금란중학교,1,이화여자대학교사범대학부속이화·금란중학교,1,이화여자대학교사범대학부속이화·금란중학교,1
C0775,성균관대 회식 대신 치킨 원합니다,성균관대 회식 대신 치킨,성균관대,성균관대학교,1,성균관대학교,1,성균관대학교,1
C0776,경기고 회식 대신 치킨 원합니다,경기 회식 대신 치킨,경기고,경기고등학교,1,경기고등학교,1,경기고등학교,1
C0777,[잠원초] 이벤트 참여합니다,잠원초 이벤트 참여,잠원초,잠원초등학교,1,잠원초등학교,1,잠원초등학교,1
C0778,우리 학교는 경기고 입니다,우리 학교 경기,학교,학교,1,,0,,0
C0779,오늘 과제 끝낸 연대 팀 치킨 가즈아ㅋㅋ,오늘 과제 연대 팀 치킨 가즈,연대,연세대학교,1,연세대학교,1,연세대학교,1
C0780,인하대부속고.. 오늘만 기다렸어요,인하대부속고 오늘,인하대부속고,인하대학교사범대학부속고등학교,1,인하대학교사범대학부속고등학교,1,인하대학교사범대학부속고등학교,1
C0781,배민 이벤트 참여합니다! 인하부고로 보내주세요,배민 이벤트 참여 인하부고,인하부고,인하대학교사범대학부속고등학교,1,인하대학교사범대학부속고등학교,1,인하대학교사범대학부속고등학교,1
C0782,학식 말고 치킨 먹고 싶어요 대치초,학식 치킨 대치초,대치초,대치초등학교,1,,0,대치초등학교,1
C0783,#인하대 #배민이벤트,인하대 배민이벤트,인하대,인하대학교,1,인하대학교,1,인하대학교,1
C0784,이번엔 고려대 차례입니다 🍗,이번 고려대 차례,고려대,고려대학교,1,고려대학교,1,고려대학교,1
C0785,이번엔 이대부중 차례입니다 🍗,이번 이대부중 차례,이대부중,이화여자대학교사범대학부속이화·금란중학교,1,이화여자대학교사범대학부속이화·금란중학교,1,이화여자대학교사범대학부속이화·금란중학교,1
C0786,연대 가보자고 🍗,연대,연대,연세대학교,1,연세대학교,1,연세대학교,1
C0787,잠원초ㅋㅋ 치킨 기다립니다,잠원초 치킨,잠원초,잠원초등학교,1,잠원초등학교,1,잠원초등학교,1
C0788,고대 치킨 주세요!!,고대 치킨,고대,고려대학교,1,고려대학교,1,고려대학교,1
C0789,휘문고  치킨  가즈아,휘문고 치킨 가즈,휘문고,휘문고등학교,1,휘문고등학교,1,휘문고등학교,1
C0790,잠실중  치킨  가즈아,잠실중 치킨 가즈,잠실중,잠실중학교,1,잠실중학교,1,잠실중학교,1
C0791,비 오는 날엔 치킨이죠 인하대 부탁드립니다,비 날 치킨이 인하대,인하대,인하대학교,1,인하대학교,1,인하대학교,1
C0792,대치초 친구들이랑 같이 먹고 싶어요,대치초 친구들이 같이,대치초,대치초등학교,1,,0,대치초등학교,1
C0793,서강대 응원단 여기 있습니다!!,서강대 응원단 여기,서강대,서강대학교,1,서강대학교,1,서강대학교,1
C0794,잠실중 가보자고 🍗,잠실중,잠실중,잠실중학교,1,잠실중학교,1,잠실중학교,1
C0795,경기고!!! 치킨 부탁드려요,경기 치킨,경기고,경기고등학교,1,경기고등학교,1,경기고등학교,1
C0796,서초중도 참여 완료!,서초중도 참여 완료,서초,서초등학교,1,,0,서초초등학교,1
C0797,이화여대부속초 동아리랑 이대부고 동아리 같이 응원하지만 대표는 이화여대부속초,이화여대부속초 동아리 이대부고 같이 응원하지 대표,이화여대부속초 이대부고,이화여자대학교사범대학부속초등학교 이화여자대학교사범대학부속이화금란고등학교,2,이화여자대학교사범대학부속초등학교 이화여자대학교사범대학부속이화금란고등학교,2,이화여자대학교사범대학부속초등학교 이화여자대학교사범대학부속이화금란고등학교,2
C0798,배민 이벤트 참여합니다! 인하부초로 보내주세요,배민 이벤트 참여 인하부초,인하부초,인하부초등학교,1,,0,인하부초등학교,1
C0799,이대부중!!! 치킨 부탁드려요,이대부중 치킨,이대부중,이화여자대학교사범대학부속이화·금란중학교,1,이화여자대학교사범대학부속이화·금란중학교,1,이화여자대학교사범대학부속이화·금란중학교,1
C0800,서초초 뽑히면 친구들이랑 나눠먹을게요,서초초 친구들이,서초초,서초초등학교,1,,0,서초초등학교,1
C0801,서울대  치킨  가즈아,서울대 치킨 가즈,서울대,서울대학교,1,서울대학교,1,서울대학교,1
C0802,인하부중 친구가 놀러왔지만 치킨은 인하대부속고로 주세요,인하부중 친구 치킨 인하대부속고,인하부중 인하대부속고,인하대학교사범대학부속중학교 인하대학교사범대학부속고등학교,2,인하대학교사범대학부속중학교 인하대학교사범대학부속고등학교,2,인하대학교사범대학부속중학교 인하대학교사범대학부속고등학교,2
C0803,인하대부속중.. 오늘만 기다렸어요,인하대부속중 오늘,인하대부속중,인하대학교사범대학부속중학교,1,인하대학교사범대학부속중학교,1,인하대학교사범대학부속중학교,1
C0804,서울대학교 학생입니다. 이벤트 참여합니다.,서울대학교 학생 이벤트 참여,서울대학교,서울대학교,1,서울대학교,1,서울대학교,1
C0805,오늘 회의 많은데 잠실중 치킨 지원 부탁드려요,오늘 회의 잠실중 치킨 지원,잠실중,잠실중학교,1,잠실중학교,1,잠실중학교,1
C0806,경기고 동아리랑 인하대 동아리 같이 응원하지만 대표는 경기고,경기 동아리 인하대 같이 응원하지 대표,인하대,인하대학교,1,인하대학교,1,인하대학교,1
C0807,인하대부속고 축제 준비팀입니다 치킨이면 밤샘 가능,인하대부속고 축제 준비팀 치킨이면 밤샘 가능,인하대부속고,인하대학교사범대학부속고등학교,1,인하대학교사범대학부속고등학교,1,인하대학교사범대학부속고등학교,1
C0808,중간고사 버틴 경기고 친구들한테 치킨 한 번만요,중간고사 경기 친구들 치킨 번만,중간고 경기고,중간고등학교 경기고등학교,2,경기고등학교,1,경기고등학교,1
C0809,오늘은 중앙대! 다시 말해 중앙대!,오늘 중앙대 다시 말,중앙대,중앙대학교,1,중앙대학교,1,중앙대학교,1
C0810,오늘 회의 많은데 반포중 치킨 지원 부탁드려요,오늘 회의 반포중 치킨 지원,반포중,반포중학교,1,반포중학교,1,반포중학교,1
C0811,서울대에 치킨 배달 오면 진짜 레전드,서울대 치킨 배달 진짜 레전드,서울대,서울대학교,1,서울대학교,1,서울대학교,1
C0812,중간고사 버틴 서울고 친구들한테 치킨 한 번만요,중간고사 서울 친구들 치킨 번만,중간고 서울고,중간고등학교 서울고등학교,2,서울고등학교,1,서울고등학교,1
C0813,오늘 회의 많은데 인하대학교부속중학교 치킨 지원 부탁드려요,오늘 회의 인하대학교부속중학교 치킨 지원,인하대학교부속중학교,인하대학교부속중학교,1,,0,인하대학교부속중학교,1
C0814,축제 뒤풀이 치킨은 인하부중로 부탁해요,축제 뒤풀이 치킨 인하부중 부탁,인하부중,인하대학교사범대학부속중학교,1,인하대학교사범대학부속중학교,1,인하대학교사범대학부속중학교,1
C0815,오늘은 인하부초! 다시 말해 인하부초!,오늘 인하부초 다시 말,인하부초,인하부초등학교,1,,0,인하부초등학교,1
C0816,반포초 / 치킨 / 제발,반포초 치킨 제발,반포초,반포초등학교,1,반포초등학교,1,반포초등학교,1
C0817,오늘 회의 많은데 인하대부속고 치킨 지원 부탁드려요,오늘 회의 인하대부속고 치킨 지원,인하대부속고,인하대학교사범대학부속고등학교,1,인하대학교사범대학부속고등학교,1,인하대학교사범대학부속고등학교,1
C0818,이화여대부속중 동아리랑 연세대 동아리 같이 응원하지만 대표는 이화여대부속중,이화여대부속중 동아리 연세대 같이 응원하지 대표,이화여대부속중 연세대,이화여자대학교사범대학부속이화·금란중학교 연세대학교,2,이화여자대학교사범대학부속이화·금란중학교 연세대학교,2,이화여자대학교사범대학부속이화·금란중학교 연세대학교,2
C0819,서초중 학생들 야근 말고 치킨 먹자 🙏,서초중 학생들 야근 치킨,서초중,서초중학교,1,서초중학교,1,서초중학교,1
C0820,이대부중!!! 치킨 부탁드려요,이대부중 치킨,이대부중,이화여자대학교사범대학부속이화·금란중학교,1,이화여자대학교사범대학부속이화·금란중학교,1,이화여자대학교사범대학부속이화·금란중학교,1
C0821,이대부중 친구들이랑 같이 먹고 싶어요,이대부중 친구들이 같이,이대부중,이화여자대학교사범대학부속이화·금란중학교,1,이화여자대학교사범대학부속이화·금란중학교,1,이화여자대학교사범대학부속이화·금란중학교,1
C0822,#인하대학교 #배민이벤트,인하대학교 배민이벤트,인하대학교,인하대학교,1,인하대학교,1,인하대학교,1
C0823,시험기간엔 대치초 치킨이 답,시험기간 대치초 치킨 답,대치초,대치초등학교,1,,0,대치초등학교,1
C0824,서울고 가보자고 🍗,서울,서울고 가보자고,서울고등학교 가보자고등학교,2,서울고등학교,1,서울고등학교,1
C0825,배민 최고… 이대도 꼭 뽑아주세요,배민 최고 이대 꼭,최고 이대,최고등학교 이화여자대학교,2,이화여자대학교,1,이화여자대학교,1
C0826,인하대부속중 축제 준비팀입니다 치킨이면 밤샘 가능,인하대부속중 축제 준비팀 치킨이면 밤샘 가능,인하대부속중,인하대학교사범대학부속중학교,1,인하대학교사범대학부속중학교,1,인하대학교사범대학부속중학교,1
C0827,서울공고 친구가 놀러왔지만 치킨은 이대부초로 주세요,서울공고 친구 치킨 이대부초,서울공고 이대부초,서울공고등학교 이화여자대학교사범대학부속초등학교,2,이화여자대학교사범대학부속초등학교,1,이화여자대학교사범대학부속초등학교,1
C0828,#중동고 #배민이벤트,중동고 배민이벤트,중동고,중동고등학교,1,중동고등학교,1,중동고등학교,1
C0829,오늘 회의 많은데 성균관대 치킨 지원 부탁드려요,오늘 회의 성균관대 치킨 지원,성균관대,성균관대학교,1,성균관대학교,1,성균관대학교,1
C0830,연세대 응원단 여기 있습니다!!,연세대 응원단 여기,연세대,연세대학교,1,연세대학교,1,연세대학교,1
C0831,축제 뒤풀이 치킨은 인하대로 부탁해요,축제 뒤풀이 치킨 인하대 부탁,인하대,인하대학교,1,인하대학교,1,인하대학교,1
C0832,연세대.. 오늘만 기다렸어요,연세대 오늘,연세대,연세대학교,1,연세대학교,1,연세대학교,1
C0833,반포중 친구가 놀러왔지만 치킨은 성균관대로 주세요,반포중 친구 치킨 성균관대,반포중 성균관대,반포중학교 성균관대학교,2,반포중학교 성균관대학교,2,반포중학교 성균관대학교,2
C0834,휘문고 친구들이랑 같이 먹고 싶어요,휘문고 친구들이 같이,휘문고,휘문고등학교,1,휘문고등학교,1,휘문고등학교,1
C0835,이화여대부속초 친구들이랑 같이 먹고 싶어요,이화여대부속초 친구들이 같이,이화여대부속초,이화여자대학교사범대학부속초등학교,1,이화여자대학교사범대학부속초등학교,1,이화여자대학교사범대학부속초등학교,1
C0836,한양대학교 치킨 배달 부탁드립니다.,한양대학교 치킨 배달,한양대학교,한양대학교,1,한양대학교,1,한양대학교,1
C0837,배민 이벤트 참여합니다! 이화여대부속고로 보내주세요,배민 이벤트 참여 이화여대부속고,이화여대부속고,이화여자대학교사범대학부속이화금란고등학교,1,이화여자대학교사범대학부속이화금란고등학교,1,이화여자대학교사범대학부속이화금란고등학교,1
C0838,동아리방에서 기다릴게요 이화여대부속초,동아리방 이화여대부속초,이화여대부속초,이화여자대학교사범대학부속초등학교,1,이화여자대학교사범대학부속초등학교,1,이화여자대학교사범대학부속초등학교,1
C0839,시험기간엔 이화여대부속초 치킨이 답,시험기간 이화여대부속초 치킨 답,이화여대부속초,이화여자대학교사범대학부속초등학교,1,이화여자대학교사범대학부속초등학교,1,이화여자대학교사범대학부속초등학교,1
C0840,배민 최고… 인하대부속중도 꼭 뽑아주세요,배민 최고 인하대부속중 꼭,최고 인하대부속중,최고등학교 인하대학교사범대학부속중학교,2,인하대학교사범대학부속중학교,1,인하대학교사범대학부속중학교,1
C0841,배민 이벤트 참여합니다! 반포초로 보내주세요,배민 이벤트 참여 반포초로,반포초,반포초등학교,1,반포초등학교,1,반포초등학교,1
C0842,인하대부속초에 치킨 배달 오면 진짜 레전드,인하대부속초 치킨 배달 진짜 레전드,인하대부속초,인하대부속초등학교,1,,0,인하대학교부속초등학교,1
C0843,배민 이벤트 참여합니다! 이대부초로 보내주세요,배민 이벤트 참여 이대부초,이대부초,이화여자대학교사범대학부속초등학교,1,이화여자대학교사범대학부속초등학교,1,이화여자대학교사범대학부속초등학교,1
C0844,잠원초  치킨  가즈아,잠원초 치킨 가즈,잠원초,잠원초등학교,1,잠원초등학교,1,잠원초등학교,1
C0845,이화여대부속중 응원단 여기 있습니다!!,이화여대부속중 응원단 여기,이화여대부속중,이화여자대학교사범대학부속이화·금란중학교,1,이화여자대학교사범대학부속이화·금란중학교,1,이화여자대학교사범대학부속이화·금란중학교,1
C0846,오늘 과제 끝낸 이화여대부속고 팀 치킨 가즈아ㅋㅋ,오늘 과제 이화여대부속고 팀 치킨 가즈,이화여대부속고,이화여자대학교사범대학부속이화금란고등학교,1,이화여자대학교사범대학부속이화금란고등학교,1,이화여자대학교사범대학부속이화금란고등학교,1
C0847,[이화여대부속중] 이벤트 참여합니다,이화여대부속중 이벤트 참여,이화여대부속중,이화여자대학교사범대학부속이화·금란중학교,1,이화여자대학교사범대학부속이화·금란중학교,1,이화여자대학교사범대학부속이화·금란중학교,1
C0848,중간고사 버틴 서울공고 친구들한테 치킨 한 번만요,중간고사 서울공고 친구들 치킨 번만,서울공고,서울공고등학교,1,,0,서울공고등학교,1
C0849,우리 반/동아리 대표로 반포중 신청합니다!,우리 반 동아리 대표 반포중 신청,반포중,반포중학교,1,반포중학교,1,반포중학교,1
C0850,오늘 과제 끝낸 대치초 팀 치킨 가즈아ㅋㅋ,오늘 과제 대치초 팀 치킨 가즈,대치초,대치초등학교,1,,0,대치초등학교,1
C0851,반포중 학생들 모여라,반포중 학생들,반포중,반포중학교,1,반포중학교,1,반포중학교,1
C0852,이번엔 서초중 차례입니다 🍗,이번 서초중 차례,서초중,서초중학교,1,서초중학교,1,서초중학교,1
C0853,치킨 오면 인증샷 바로 올릴게요 중동고,치킨 인증샷 바로 중동고,중동고,중동고등학교,1,중동고등학교,1,중동고등학교,1
C0854,서강대 학생들 모여라,서강대 학생들,서강대,서강대학교,1,서강대학교,1,서강대학교,1
C0855,잠실중 학생입니다 잠실중 뽑아주세요,잠실중 학생,잠실중,잠실중학교,1,잠실중학교,1,잠실중학교,1
C0856,시험기간엔 연대 치킨이 답,시험기간 연대 치킨 답,연대,연세대학교,1,연세대학교,1,연세대학교,1
C0857,시험기간엔 서초중 치킨이 답,시험기간 서초중 치킨 답,서초중,서초중학교,1,서초중학교,1,서초중학교,1
C0858,시험기간엔 인하대부속중 치킨이 답,시험기간 인하대부속중 치킨 답,인하대부속중,인하대학교사범대학부속중학교,1,인하대학교사범대학부속중학교,1,인하대학교사범대학부속중학교,1
C0859,오늘은 인하대부속고! 다시 말해 인하대부속고!,오늘 인하대부속고 다시 말,인하대부속고,인하대학교사범대학부속고등학교,1,인하대학교사범대학부속고등학교,1,인하대학교사범대학부속고등학교,1
C0860,오늘 회의 많은데 반포중 치킨 지원 부탁드려요,오늘 회의 반포중 치킨 지원,반포중,반포중학교,1,반포중학교,1,반포중학교,1
C0861,중동고 친구들이랑 같이 먹고 싶어요,중동고 친구들이 같이,중동고,중동고등학교,1,중동고등학교,1,중동고등학교,1
C0862,연세대 / 치킨 / 제발,연세대 치킨 제발,연세대,연세대학교,1,연세대학교,1,연세대학교,1
C0863,인하부고~ 꼭 뽑아주세요,인하부고 꼭,인하부고,인하대학교사범대학부속고등학교,1,인하대학교사범대학부속고등학교,1,인하대학교사범대학부속고등학교,1
C0864,이화여대부속중!!! 치킨 부탁드려요,이화여대부속중 치킨,이화여대부속중,이화여자대학교사범대학부속이화·금란중학교,1,이화여자대학교사범대학부속이화·금란중학교,1,이화여자대학교사범대학부속이화·금란중학교,1
C0865,경기고 친구랑 인하대 친구 같이 보고 있는데 저는 경기고로 신청!,경기 친구 인하대 같이 보고 저 경기고로 신청,인하대 보고,인하대학교 보고등학교,2,인하대학교,1,인하대학교,1
C0866,이화여대ㅋㅋ 치킨 기다립니다,이화여대 치킨,이화여대,이화여자대학교,1,이화여자대학교,1,이화여자대학교,1
C0867,인하대부속고 뽑히면 친구들이랑 나눠먹을게요,인하대부속고 친구들이,인하대부속고,인하대학교사범대학부속고등학교,1,인하대학교사범대학부속고등학교,1,인하대학교사범대학부속고등학교,1
C0868,서강대 vs 연대 얘기하다가 결국 서강대로 참여합니다,서강대 vs 연대 얘기 결국 참여,서강대 연대,서강대학교 연세대학교,2,서강대학교 연세대학교,2,서강대학교 연세대학교,2
C0869,연세대 응원단 여기 있습니다!!,연세대 응원단 여기,연세대,연세대학교,1,연세대학교,1,연세대학교,1
C0870,축제 뒤풀이 치킨은 이화여대부속고로 부탁해요,축제 뒤풀이 치킨 이화여대부속고 부탁,이화여대부속고,이화여자대학교사범대학부속이화금란고등학교,1,이화여자대학교사범대학부속이화금란고등학교,1,이화여자대학교사범대학부속이화금란고등학교,1
C0871,#인하대부속중 #배민이벤트,인하대부속중 배민이벤트,인하대부속중,인하대학교사범대학부속중학교,1,인하대학교사범대학부속중학교,1,인하대학교사범대학부속중학교,1
C0872,이화여대부속중 vs 서울고 얘기하다가 결국 이화여대부속중로 참여합니다,이화여대부속중 vs 서울 얘기 결국 참여,이화여대부속중,이화여자대학교사범대학부속이화·금란중학교,1,이화여자대학교사범대학부속이화·금란중학교,1,이화여자대학교사범대학부속이화·금란중학교,1
C0873,배민 이벤트 참여합니다! 잠실중로 보내주세요,배민 이벤트 참여 잠실중,잠실중,잠실중학교,1,잠실중학교,1,잠실중학교,1
C0874,오늘은 인하부중! 다시 말해 인하부중!,오늘 인하부중 다시 말,인하부중,인하대학교사범대학부속중학교,1,인하대학교사범대학부속중학교,1,인하대학교사범대학부속중학교,1
C0875,[이대부중] 이벤트 참여합니다,이대부중 이벤트 참여,이대부중,이화여자대학교사범대학부속이화·금란중학교,1,이화여자대학교사범대학부속이화·금란중학교,1,이화여자대학교사범대학부속이화·금란중학교,1
C0876,동아리방에서 기다릴게요 인하부고,동아리방 인하부고,인하부고,인하대학교사범대학부속고등학교,1,인하대학교사범대학부속고등학교,1,인하대학교사범대학부속고등학교,1
C0877,오늘 과제 끝낸 대치중 팀 치킨 가즈아ㅋㅋ,오늘 과제 대치중 팀 치킨 가즈,대치중,대치중학교,1,대치중학교,1,대치중학교,1
C0878,고대에 치킨 배달 오면 진짜 레전드,고대 치킨 배달 진짜 레전드,고대,고려대학교,1,고려대학교,1,고려대학교,1
C0879,배민 이벤트 참여합니다! 서울공고로 보내주세요,배민 이벤트 참여 서울공고,서울공고,서울공고등학교,1,,0,서울공고등학교,1
C0880,시험기간엔 고대 치킨이 답,시험기간 고대 치킨 답,고대,고려대학교,1,고려대학교,1,고려대학교,1
C0881,치킨 오면 인증샷 바로 올릴게요 이대부고,치킨 인증샷 바로 이대부고,이대부고,이화여자대학교사범대학부속이화금란고등학교,1,이화여자대학교사범대학부속이화금란고등학교,1,이화여자대학교사범대학부속이화금란고등학교,1
C0882,치킨 오면 인증샷 바로 올릴게요 이대,치킨 인증샷 바로 이대,이대,이화여자대학교,1,이화여자대학교,1,이화여자대학교,1
C0883,잠원초 회식 대신 치킨 원합니다,잠원초 회식 대신 치킨,잠원초,잠원초등학교,1,잠원초등학교,1,잠원초등학교,1
C0884,우리 반/동아리 대표로 반포중 신청합니다!,우리 반 동아리 대표 반포중 신청,반포중,반포중학교,1,반포중학교,1,반포중학교,1
C0885,배민 이벤트 참여합니다! 잠실중로 보내주세요,배민 이벤트 참여 잠실중,잠실중,잠실중학교,1,잠실중학교,1,잠실중학교,1
C0886,이번엔 서초초 차례입니다 🍗,이번 서초초 차례,서초초,서초초등학교,1,,0,서초초등학교,1
C0887,경기고.. 오늘만 기다렸어요,경기 오늘,경기고,경기고등학교,1,경기고등학교,1,경기고등학교,1
C0888,반포중 vs 인하부초 얘기하다가 결국 반포중로 참여합니다,반포중 vs 인하부초 얘기 결국 참여,반포중 인하부초,반포중학교 인하부초등학교,2,반포중학교,1,반포중학교,1
C0889,비 오는 날엔 치킨이죠 대치중 부탁드립니다,비 날 치킨이 대치중,대치중,대치중학교,1,대치중학교,1,대치중학교,1
C0890,서울고 학생입니다 서울고 뽑아주세요,서울 학생,서울고,서울고등학교,1,서울고등학교,1,서울고등학교,1
C0891,이대부고 / 치킨 / 제발,이대부고 치킨 제발,이대부고,이화여자대학교사범대학부속이화금란고등학교,1,이화여자대학교사범대학부속이화금란고등학교,1,이화여자대학교사범대학부속이화금란고등학교,1
C0892,한양대학교 치킨 배달 부탁드립니다.,한양대학교 치킨 배달,한양대학교,한양대학교,1,한양대학교,1,한양대학교,1
C0893,오늘은 중동고! 다시 말해 중동고!,오늘 중동고 다시 말,중동고,중동고등학교,1,중동고등학교,1,중동고등학교,1
C0894,배민 최고… 서울대도 꼭 뽑아주세요,배민 최고 서울대 꼭,최고 서울대,최고등학교 서울대학교,2,서울대학교,1,서울대학교,1
C0895,오늘은 이대! 다시 말해 이대!,오늘 이대 다시 말,이대,이화여자대학교,1,이화여자대학교,1,이화여자대학교,1
C0896,비 오는 날엔 치킨이죠 이대부고 부탁드립니다,비 날 치킨이 이대부고,이대부고,이화여자대학교사범대학부속이화금란고등학교,1,이화여자대학교사범대학부속이화금란고등학교,1,이화여자대학교사범대학부속이화금란고등학교,1
C0897,우리 반/동아리 대표로 중앙대 신청합니다!,우리 반 동아리 대표 중앙대 신청,중앙대,중앙대학교,1,중앙대학교,1,중앙대학교,1
C0898,비 오는 날엔 치킨이죠 인하대부속고 부탁드립니다,비 날 치킨이 인하대부속고,인하대부속고,인하대학교사범대학부속고등학교,1,인하대학교사범대학부속고등학교,1,인하대학교사범대학부속고등학교,1
C0899,성균관대 성균관대 치킨 주세요!,성균관대 치킨,성균관대,성균관대학교,1,성균관대학교,1,성균관대학교,1
C0900,중동고 학생들 모여라,중동고 학생들,중동고,중동고등학교,1,중동고등학교,1,중동고등학교,1
C0901,이번엔 반포중 차례입니다 🍗,이번 반포중 차례,반포중,반포중학교,1,반포중학교,1,반포중학교,1
C0902,한양대 친구들이랑 같이 먹고 싶어요,한양대 친구들이 같이,한양대,한양대학교,1,한양대학교,1,한양대학교,1
C0903,배고픈 인하부중 학생들 살려주세요ㅠㅠ,인하부중 학생들,인하부중,인하대학교사범대학부속중학교,1,인하대학교사범대학부속중학교,1,인하대학교사범대학부속중학교,1
C0904,이번엔 이화여대부속중 차례입니다 🍗,이번 이화여대부속중 차례,이화여대부속중,이화여자대학교사범대학부속이화·금란중학교,1,이화여자대학교사범대학부속이화·금란중학교,1,이화여자대학교사범대학부속이화·금란중학교,1
C0905,이번엔 서울고 차례입니다 🍗,이번 서울 차례,서울고,서울고등학교,1,서울고등학교,1,서울고등학교,1
C0906,서초중ㅋㅋ 치킨 기다립니다,서초중 치킨,서초중,서초중학교,1,서초중학교,1,서초중학교,1
C0907,서강대 축제 준비팀입니다 치킨이면 밤샘 가능,서강대 축제 준비팀 치킨이면 밤샘 가능,서강대,서강대학교,1,서강대학교,1,서강대학교,1
C0908,인하대학교부속고등학교 학생들 야근 말고 치킨 먹자 🙏,인하대학교부속고등학교 학생들 야근 치킨,인하대학교부속고등학교,인하대학교부속고등학교,1,,0,인하대학교부속고등학교,1
C0909,서초초 / 치킨 / 제발,서초초 치킨 제발,서초초,서초초등학교,1,,0,서초초등학교,1
C0910,중간고사 버틴 인하부중 친구들한테 치킨 한 번만요,중간고사 인하부중 친구들 치킨 번만,인하부중,인하대학교사범대학부속중학교,1,인하대학교사범대학부속중학교,1,인하대학교사범대학부속중학교,1
C0911,휘문고ㅋㅋ 치킨 기다립니다,휘문고 치킨,휘문고,휘문고등학교,1,휘문고등학교,1,휘문고등학교,1
C0912,축제 뒤풀이 치킨은 인하대부속초로 부탁해요,축제 뒤풀이 치킨 인하대부속초로 부탁,인하대,인하대학교,1,인하대학교,1,인하대학교,1
C0913,서울공고 친구가 놀러왔지만 치킨은 중동고로 주세요,서울공고 친구 치킨 중동고,서울공고 중동고,서울공고등학교 중동고등학교,2,중동고등학교,1,중동고등학교,1
C0914,비 오는 날엔 치킨이죠 인하대 부탁드립니다,비 날 치킨이 인하대,인하대,인하대학교,1,인하대학교,1,인하대학교,1
C0915,시험기간엔 건국대 치킨이 답,시험기간 건국대 치킨 답,건국대,건국대학교,1,건국대학교,1,건국대학교,1
C0916,중동고  치킨  가즈아,중동고 치킨 가즈,중동고,중동고등학교,1,중동고등학교,1,중동고등학교,1
C0917,인하대부속중에 치킨 배달 오면 진짜 레전드,인하대부속중 치킨 배달 진짜 레전드,인하대부속중,인하대학교사범대학부속중학교,1,인하대학교사범대학부속중학교,1,인하대학교사범대학부속중학교,1
C0918,성균관대 축제 준비팀입니다 치킨이면 밤샘 가능,성균관대 축제 준비팀 치킨이면 밤샘 가능,성균관대,성균관대학교,1,성균관대학교,1,성균관대학교,1
C0919,서초중!!! 치킨 부탁드려요,서초중 치킨,서초중,서초중학교,1,서초중학교,1,서초중학교,1
C0920,인하부중 축제 준비팀입니다 치킨이면 밤샘 가능,인하부중 축제 준비팀 치킨이면 밤샘 가능,인하부중,인하대학교사범대학부속중학교,1,인하대학교사범대학부속중학교,1,인하대학교사범대학부속중학교,1
C0921,배민 이벤트 참여합니다! 서초중로 보내주세요,배민 이벤트 참여 서초중,서초중,서초중학교,1,서초중학교,1,서초중학교,1
C0922,잠원초 vs 이화여대부속고 얘기하다가 결국 잠원초로 참여합니다,잠원초 vs 이화여대부속고 얘기 결국 잠원초로 참여,잠원초 이화여대부속고,잠원초등학교 이화여자대학교사범대학부속이화금란고등학교,2,잠원초등학교 이화여자대학교사범대학부속이화금란고등학교,2,잠원초등학교 이화여자대학교사범대학부속이화금란고등학교,2
C0923,축제 뒤풀이 치킨은 대치중로 부탁해요,축제 뒤풀이 치킨 대치중 부탁,대치중,대치중학교,1,대치중학교,1,대치중학교,1
C0924,배민 이벤트 참여합니다! 서초초로 보내주세요,배민 이벤트 참여 서초초로,서초,서초등학교,1,,0,서초초등학교,1
C0925,인하대부속중ㅋㅋ 치킨 기다립니다,인하대부속중 치킨,인하대부속중,인하대학교사범대학부속중학교,1,인하대학교사범대학부속중학교,1,인하대학교사범대학부속중학교,1
C0926,인하대학교부속고등학교에 치킨 배달 오면 진짜 레전드,인하대학교부속고등학교 치킨 배달 진짜 레전드,인하대학교부속고등학교,인하대학교부속고등학교,1,,0,인하대학교부속고등학교,1
C0927,배고픈 중앙대 학생들 살려주세요ㅠㅠ,중앙대 학생들,중앙대,중앙대학교,1,중앙대학교,1,중앙대학교,1
C0928,비 오는 날엔 치킨이죠 이대 부탁드립니다,비 날 치킨이 이대,이대,이화여자대학교,1,이화여자대학교,1,이화여자대학교,1
C0929,서초중 응원단 여기 있습니다!!,서초중 응원단 여기,서초중,서초중학교,1,서초중학교,1,서초중학교,1
C0930,인하대부속중ㅋㅋ 치킨 기다립니다,인하대부속중 치킨,인하대부속중,인하대학교사범대학부속중학교,1,인하대학교사범대학부속중학교,1,인하대학교사범대학부속중학교,1
C0931,우리 반/동아리 대표로 서울고 신청합니다!,우리 반 동아리 대표 서울 신청,서울고,서울고등학교,1,서울고등학교,1,서울고등학교,1
C0932,동아리방에서 기다릴게요 이화여대부속초,동아리방 이화여대부속초,이화여대부속초,이화여자대학교사범대학부속초등학교,1,이화여자대학교사범대학부속초등학교,1,이화여자대학교사범대학부속초등학교,1
C0933,이번엔 휘문고 차례입니다 🍗,이번 휘문고 차례,휘문고,휘문고등학교,1,휘문고등학교,1,휘문고등학교,1
C0934,[인하부중] 이벤트 참여합니다,인하부중 이벤트 참여,인하부중,인하대학교사범대학부속중학교,1,인하대학교사범대학부속중학교,1,인하대학교사범대학부속중학교,1
C0935,오늘 과제 끝낸 서초초 팀 치킨 가즈아ㅋㅋ,오늘 과제 서초초 팀 치킨 가즈,서초초,서초초등학교,1,,0,서초초등학교,1
C0936,[인 하 부 고] 이벤트 참여합니다,인 하 부 고 이벤트 참여,고,고등학교,1,,0,,0
C0937,시험기간엔 서초중 치킨이 답,시험기간 서초중 치킨 답,서초중,서초중학교,1,서초중학교,1,서초중학교,1
C0938,중앙대 vs 이화여대부속초 얘기하다가 결국 중앙대로 참여합니다,중앙대 vs 이화여대부속초 얘기 결국 참여,중앙대 이화여대부속초,중앙대학교 이화여자대학교사범대학부속초등학교,2,중앙대학교 이화여자대학교사범대학부속초등학교,2,중앙대학교 이화여자대학교사범대학부속초등학교,2
C0939,축제 뒤풀이 치킨은 경기고로 부탁해요,축제 뒤풀이 치킨 경기고로 부탁,경기고,경기고등학교,1,경기고등학교,1,경기고등학교,1
C0940,서강대도 참여 완료!,서강대 참여 완료,서강대,서강대학교,1,서강대학교,1,서강대학교,1
C0941,대치중!!! 치킨 부탁드려요,대치중 치킨,대치중,대치중학교,1,대치중학교,1,대치중학교,1
C0942,배민 최고… 서울공고도 꼭 뽑아주세요,배민 최고 서울공고도 꼭,최고,최고등학교,1,,0,,0
C0943,이화여대부속중  치킨  가즈아,이화여대부속중 치킨 가즈,이화여대부속중,이화여자대학교사범대학부속이화·금란중학교,1,이화여자대학교사범대학부속이화·금란중학교,1,이화여자대학교사범대학부속이화·금란중학교,1
C0944,서초초도 참여 완료!,서초초도 참여 완료,서초,서초등학교,1,,0,서초초등학교,1
C0945,치킨 오면 인증샷 바로 올릴게요 경기고,치킨 인증샷 바로 경기,경기고,경기고등학교,1,경기고등학교,1,경기고등학교,1
C0946,동아리방에서 기다릴게요 성균관대,동아리방 성균관대,성균관대,성균관대학교,1,성균관대학교,1,성균관대학교,1
C0947,치킨 오면 인증샷 바로 올릴게요 잠원초,치킨 인증샷 바로 잠원초,잠원초,잠원초등학교,1,잠원초등학교,1,잠원초등학교,1
C0948,서울고 축제 준비팀입니다 치킨이면 밤샘 가능,서울 축제 준비팀 치킨이면 밤샘 가능,서울고,서울고등학교,1,서울고등학교,1,서울고등학교,1
C0949,이대부초 응원단 여기 있습니다!!,이대부초 응원단 여기,이대부초,이화여자대학교사범대학부속초등학교,1,이화여자대학교사범대학부속초등학교,1,이화여자대학교사범대학부속초등학교,1
C0950,배민 이벤트 참여합니다! 이화여대부속중로 보내주세요,배민 이벤트 참여 이화여대부속중,이화여대부속중,이화여자대학교사범대학부속이화·금란중학교,1,이화여자대학교사범대학부속이화·금란중학교,1,이화여자대학교사범대학부속이화·금란중학교,1
C0951,한양대 치킨 주세요!!,한양대 치킨,한양대,한양대학교,1,한양대학교,1,한양대학교,1
C0952,우리 반/동아리 대표로 서울고 신청합니다!,우리 반 동아리 대표 서울 신청,서울고,서울고등학교,1,서울고등학교,1,서울고등학교,1
C0953,서초초 가보자고 🍗,서초초,서초초,서초초등학교,1,,0,서초초등학교,1
C0954,성균관대 회식 대신 치킨 원합니다,성균관대 회식 대신 치킨,성균관대,성균관대학교,1,성균관대학교,1,성균관대학교,1
C0955,인하대학교부속중학교 학생들 야근 말고 치킨 먹자 🙏,인하대학교부속중학교 학생들 야근 치킨,인하대학교부속중학교,인하대학교부속중학교,1,,0,인하대학교부속중학교,1
C0956,중간고사 버틴 이대부고 친구들한테 치킨 한 번만요,중간고사 이대부고 친구들 치킨 번만,이대부고,이화여자대학교사범대학부속이화금란고등학교,1,이화여자대학교사범대학부속이화금란고등학교,1,이화여자대학교사범대학부속이화금란고등학교,1
C0957,이대부초!!! 치킨 부탁드려요,이대부초 치킨,이대부초,이화여자대학교사범대학부속초등학교,1,이화여자대학교사범대학부속초등학교,1,이화여자대학교사범대학부속초등학교,1
C0958,오늘 회의 많은데 잠원초 치킨 지원 부탁드려요,오늘 회의 잠원초 치킨 지원,잠원초,잠원초등학교,1,잠원초등학교,1,잠원초등학교,1
C0959,우리 학교는 휘문고 입니다,우리 학교 휘문고,학교 휘문고,학교 휘문고등학교,2,휘문고등학교,1,휘문고등학교,1
C0960,배민 이벤트 참여합니다! 인하대부속중로 보내주세요,배민 이벤트 참여 인하대부속중,인하대부속중,인하대학교사범대학부속중학교,1,인하대학교사범대학부속중학교,1,인하대학교사범대학부속중학교,1
C0961,치킨 오면 인증샷 바로 올릴게요 잠원초,치킨 인증샷 바로 잠원초,잠원초,잠원초등학교,1,잠원초등학교,1,잠원초등학교,1
C0962,오늘 회의 많은데 경기고 치킨 지원 부탁드려요,오늘 회의 경기 치킨 지원,경기고,경기고등학교,1,경기고등학교,1,경기고등학교,1
C0963,인하대부속초 vs 이대부초 얘기하다가 결국 인하대부속초로 참여합니다,인하대부속초 vs 이대부초 얘기 결국 인하대부속초로 참여,인하대부속초 이대부초,인하대부속초등학교 이화여자대학교사범대학부속초등학교,2,이화여자대학교사범대학부속초등학교,1,이화여자대학교사범대학부속초등학교,1
C0964,서초초도 참여 완료!,서초초도 참여 완료,서초,서초등학교,1,,0,서초초등학교,1
C0965,성대 친구랑 서초중 친구 같이 보고 있는데 저는 성대로 신청!,성대 친구 서초중 같이 보고 저 신청,성대 서초중 보고,성균관대학교 서초중학교 보고등학교,3,성균관대학교 서초중학교,2,성균관대학교 서초중학교,2
C0966,이번엔 성대 차례입니다 🍗,이번 성대 차례,성대,성균관대학교,1,성균관대학교,1,성균관대학교,1
C0967,학식 말고 치킨 먹고 싶어요 성대,학식 치킨 성대,성대,성균관대학교,1,성균관대학교,1,성균관대학교,1
C0968,서강대 동아리랑 이화여대 동아리 같이 응원하지만 대표는 서강대,서강대 동아리 이화여대 같이 응원하지 대표,서강대 이화여대,서강대학교 이화여자대학교,2,서강대학교 이화여자대학교,2,서강대학교 이화여자대학교,2
C0969,오늘은 인하부중! 다시 말해 인하부중!,오늘 인하부중 다시 말,인하부중,인하대학교사범대학부속중학교,1,인하대학교사범대학부속중학교,1,인하대학교사범대학부속중학교,1
C0970,이화여대부속중도 참여 완료!,이화여대부속중 참여 완료,이화여대부속중,이화여자대학교사범대학부속이화·금란중학교,1,이화여자대학교사범대학부속이화·금란중학교,1,이화여자대학교사범대학부속이화·금란중학교,1
C0971,오늘은 경기고! 다시 말해 경기고!,오늘 경기 다시 말,경기고,경기고등학교,1,경기고등학교,1,경기고등학교,1
C0972,서초중 치킨 주세요!!,서초중 치킨,서초중,서초중학교,1,서초중학교,1,서초중학교,1
C0973,잠원초  치킨  가즈아,잠원초 치킨 가즈,잠원초,잠원초등학교,1,잠원초등학교,1,잠원초등학교,1
C0974,이대부중도 참여 완료!,이대부중 참여 완료,이대부중,이화여자대학교사범대학부속이화·금란중학교,1,이화여자대학교사범대학부속이화·금란중학교,1,이화여자대학교사범대학부속이화·금란중학교,1
C0975,비 오는 날엔 치킨이죠 인하대부속고 부탁드립니다,비 날 치킨이 인하대부속고,인하대부속고,인하대학교사범대학부속고등학교,1,인하대학교사범대학부속고등학교,1,인하대학교사범대학부속고등학교,1
C0976,서강대에 치킨 배달 오면 진짜 레전드,서강대 치킨 배달 진짜 레전드,서강대,서강대학교,1,서강대학교,1,서강대학교,1
C0977,우리 학교는 대치중 입니다,우리 학교 대치중,학교 대치중,학교 대치중학교,2,대치중학교,1,대치중학교,1
C0978,학식 말고 치킨 먹고 싶어요 반포초,학식 치킨 반포초,반포초,반포초등학교,1,반포초등학교,1,반포초등학교,1
C0979,성균관대 vs 중앙대 얘기하다가 결국 성균관대로 참여합니다,성균관대 vs 중앙대 얘기 결국 참여,성균관대 중앙대,성균관대학교 중앙대학교,2,성균관대학교 중앙대학교,2,성균관대학교 중앙대학교,2
C0980,대치초 학생들 야근 말고 치킨 먹자 🙏,대치초 학생들 야근 치킨,대치초,대치초등학교,1,,0,대치초등학교,1
C0981,인하대부속고에 치킨 배달 오면 진짜 레전드,인하대부속고 치킨 배달 진짜 레전드,인하대부속고,인하대학교사범대학부속고등학교,1,인하대학교사범대학부속고등학교,1,인하대학교사범대학부속고등학교,1
C0982,건대 가보자고 🍗,건대,건대,건국대학교,1,건국대학교,1,건국대학교,1
C0983,한양대 학생입니다 한양대 뽑아주세요,한양대 학생,한양대,한양대학교,1,한양대학교,1,한양대학교,1
C0984,동아리방에서 기다릴게요 중앙대,동아리방 중앙대,중앙대,중앙대학교,1,중앙대학교,1,중앙대학교,1
C0985,서초중 가보자고 🍗,서초중,서초중,서초중학교,1,서초중학교,1,서초중학교,1
C0986,비 오는 날엔 치킨이죠 이화여대부속중 부탁드립니다,비 날 치킨이 이화여대부속중,이화여대부속중,이화여자대학교사범대학부속이화·금란중학교,1,이화여자대학교사범대학부속이화·금란중학교,1,이화여자대학교사범대학부속이화·금란중학교,1
C0987,동아리방에서 기다릴게요 고대,동아리방 고대,고대,고려대학교,1,고려대학교,1,고려대학교,1
C0988,인하대부속중 치킨 주세요!!,인하대부속중 치킨,인하대부속중,인하대학교사범대학부속중학교,1,인하대학교사범대학부속중학교,1,인하대학교사범대학부속중학교,1
C0989,서초초 친구랑 한양대 친구 같이 보고 있는데 저는 서초초로 신청!,서초초 친구 한양대 같이 보고 저 서초초로 신청,서초초 한양대 보고,서초초등학교 한양대학교 보고등학교,3,한양대학교,1,한양대학교,1
C0990,대치초 응원단 여기 있습니다!!,대치초 응원단 여기,대치초,대치초등학교,1,,0,대치초등학교,1
C0991,배고픈 이대부고 학생들 살려주세요ㅠㅠ,이대부고 학생들,이대부고,이화여자대학교사범대학부속이화금란고등학교,1,이화여자대학교사범대학부속이화금란고등학교,1,이화여자대학교사범대학부속이화금란고등학교,1
C0992,비 오는 날엔 치킨이죠 이화여대부속중 부탁드립니다,비 날 치킨이 이화여대부속중,이화여대부속중,이화여자대학교사범대학부속이화·금란중학교,1,이화여자대학교사범대학부속이화·금란중학교,1,이화여자대학교사범대학부속이화·금란중학교,1
C0993,우리 학교는 인하부중 입니다,우리 학교 인하부중,학교 인하부중,학교 인하대학교사범대학부속중학교,2,인하대학교사범대학부속중학교,1,인하대학교사범대학부속중학교,1
C0994,[인하부중] 이벤트 참여합니다,인하부중 이벤트 참여,인하부중,인하대학교사범대학부속중학교,1,인하대학교사범대학부속중학교,1,인하대학교사범대학부속중학교,1
C0995,학식 말고 치킨 먹고 싶어요 서울대,학식 치킨 서울대,서울대,서울대학교,1,서울대학교,1,서울대학교,1
C0996,중동고 치킨 주세요!!,중동고 치킨,중동고,중동고등학교,1,중동고등학교,1,중동고등학교,1
C0997,경기고 학생들 야근 말고 치킨 먹자 🙏,경기 학생들 야근 치킨,경기고 말고,경기고등학교 말고등학교,2,경기고등학교,1,경기고등학교,1
C0998,배민 이벤트 참여합니다! 인하부초로 보내주세요,배민 이벤트 참여 인하부초,인하부초,인하부초등학교,1,,0,인하부초등학교,1
C0999,서초초등학교 학생입니다. 이벤트 참여합니다.,서초초등학교 학생 이벤트 참여,서초초등학교,서초초등학교,1,,0,서초초등학교,1
C1000,성균관대 학생들 야근 말고 치킨 먹자 🙏,성균관대 학생들 야근 치킨,성균관대,성균관대학교,1,성균관대학교,1,성균관대학교,1
